"type","name","description","folder","lastUpdate","id","variableCount","keyCount","keys","indexCount","subtypeCount","sourceLength","rulesLength","dependencyCount","sourceHash","structure"
"Folder","Anulaciones","Anulaciones","Procesos_SAG","2014-01-03 16:39:52GMT","","0","0","","0","0","0","0","0","cac9a051c79b742d004a66c90ddd93b13517ca5e13e99fdabf434ff1ecf515d0",""
"Folder","Cajas_Leidas","Cajas_Leidas","Despachos_Varios","2009-09-09 20:16:54GMT","","0","0","","0","0","0","0","0","651d1ab2f37fe5acc7e6e443acd071a4af330c3c84c2a11605f6345270d5ea8e",""
"Folder","CapturaCajas","Captura Cajas","","2015-09-23 20:26:56GMT","","0","0","","0","0","0","0","0","06956dbe7577a0c1f5de9f7ea3f6718b64e32b12435617bcfcda9ed2647eedf8",""
"Folder","ConfiguracionLineas","Configuracion Lineas","","2014-11-05 02:41:30GMT","","0","0","","0","0","0","0","0","87f4e8e199cc25cf18365d9affecec446aceb0a9d525923b65cbb31183f907af",""
"Folder","Consultas","Consultas","","2011-12-01 02:37:58GMT","","0","0","","0","0","0","0","0","b48feaca26761e07b0a17069c11a665145ce6598b0e124f18ed4e4f125e15320",""
"Folder","Despachos","Despachos","Procesos_SAG","2012-11-11 19:48:28GMT","","0","0","","0","0","0","0","0","1c5441ab8eded4d5eaea7406be134ddfa33477118df393d6be4e906a3b7384f7",""
"Folder","Despachos_Varios","Despachos_Varios","","2016-11-17 15:50:46GMT","","0","0","","0","0","0","0","0","9cd1da1dcfeecf0afd2e8a18afeb91f1e3679ea6bfd4cdfbcff80072e5695cc2",""
"Folder","Diagrama","Diagrama","Procesos_SAG","2012-12-10 01:51:08GMT","","0","0","","0","0","0","0","0","96cfc17daee1d5d0c05610790d734822b55fa787f529dd71d6fd676f40295953",""
"Folder","Estilos","estilos","","2016-12-06 02:10:40GMT","","0","0","","0","0","0","0","0","7380684e919f8910109c7d4a8c44efdf301fe1ef06d3d693f68a06383a5fd76a",""
"Folder","ETIQUETAS","ETIQUETAS","","2016-11-15 13:40:18GMT","","0","0","","0","0","0","0","0","1280b3fe540bc5ce37bb43ac164038e909e16bfd5ea9459fe6f805fcf8d2d41e",""
"Folder","Exportadora","Exportadora","","2012-11-12 20:37:40GMT","","0","0","","0","0","0","0","0","a08fbe5fae631827ad69df73f4356d7babd6e45418a07723f8d24353cec9a314",""
"Folder","Factura","Factura","","2016-12-18 15:11:16GMT","","0","0","","0","0","0","0","0","57c5f8c9b4290f391ad8c837e72f370aa04af44f4a8702f79ca431892340d112",""
"Folder","Fruta_Comercial","Fruta_Comercial","","2011-11-10 00:36:48GMT","","0","0","","0","0","0","0","0","b4a49049a35e20f9cdb360a9b96ca5c938bb01fe419e9603961a1a1e9b696a65",""
"Folder","Guias_Despacho","Guias_ Despacho","","2016-11-17 13:30:44GMT","","0","0","","0","0","0","0","0","2c86a41fc97841231912c8e23454eca19a14e6df7af6c57196644a638c6ad69f",""
"Folder","Historicos","Historicos","","2005-11-21 14:08:38GMT","","0","0","","0","0","0","0","0","287d74545cc77b2e34a2d0f20fc21cb49e0e61ae9f1c665b1861871f2a6d5094",""
"Folder","Ingreso_de_Folios","Ingreso_de_Folios","","2011-10-05 01:17:10GMT","","0","0","","0","0","0","0","0","3d62735063d821ce95737520dc1ef4b80b44bbb5955f7ba6e6c4911c50742998",""
"Folder","Ingresos","Ingresos","","2017-05-11 23:16:12GMT","","0","0","","0","0","0","0","0","d6815cad0b3bee85b7b823a9fc9cac8394612cb891db8390948f2006ee971bef",""
"Folder","Inspecciones","Inspecciones","Procesos_SAG","2012-11-11 19:46:50GMT","","0","0","","0","0","0","0","0","71c21b30207b9e5f371a4058b13b9b297c61c171ed1a0cc54577076fd6a04499",""
"Folder","Interplanta","Interplanta","Procesos_SAG","2010-12-16 01:22:44GMT","","0","0","","0","0","0","0","0","c76abb06f574a2e61cacf2b0ed51e5d97d5caf34742ef5d406857b0a0b9a1c09",""
"Folder","LecturaCajas","LecturaCajas","Consultas","2009-11-03 22:26:34GMT","","0","0","","0","0","0","0","0","8ec178ef3712b5308f88a76717b55f9ffddc582d22e7fa6aa842a40e46f30f5e",""
"Folder","Maestros","Maestros","","2016-11-17 13:30:44GMT","","0","0","","0","0","0","0","0","49a6b2704755692a4bc429b77527497ffb055ea0360328c3ca29d9a6486404fe",""
"Folder","Menus","Menus","","2016-11-04 18:51:12GMT","","0","0","","0","0","0","0","0","e268f6595a25f9daef91044c0bed0e4af3a9dd76f8000d49bf2867dd7dfa822f",""
"Folder","Multipuerto","Multipuerto","Procesos_SAG","2012-01-30 00:36:02GMT","","0","0","","0","0","0","0","0","c13a65c82cb072f0a45341ff75b964aebd028a2db455705018593b415c11b0a5",""
"Folder","Orden_Proceso","Orden_ Proceso","","2011-11-17 00:39:22GMT","","0","0","","0","0","0","0","0","9f70967252901f21d4444b18a6e69496ec3daeea54d647ee646a4a33e698c12a",""
"Folder","Packing_List","Packing_List","","2016-11-17 13:30:42GMT","","0","0","","0","0","0","0","0","c6faf187f713fdd1015fa8ea59c25568f23e9fef2ea00be35a7eff47637f0da8",""
"Folder","Paletizado","Paletizado","","2011-10-08 18:43:10GMT","","0","0","","0","0","0","0","0","4c9127c73b618f59ab9a628b7481400c0f913e3a7c35792a8d3d6320f73cd6ff",""
"Folder","Proce_General","Procedimientos Generales","","2011-11-23 21:27:32GMT","","0","0","","0","0","0","0","0","bb138ebe3aeaf1267b94fa94e2a1449a60dd8ca0387f1e32e55e328b1a6115c1",""
"Folder","Procesos","Procesos","Consultas","2007-10-01 20:50:12GMT","","0","0","","0","0","0","0","0","15d702fa2b079a0119652570ce1043e66e9dafb313ccbfede11d810d425a965d",""
"Folder","Procesos_SAG","Procesos_SAG","","2012-11-12 20:22:00GMT","","0","0","","0","0","0","0","0","27995b7bbacbcc7eda60466951629c1c9db2499cf914fae775c6a7d53cdbd83f",""
"Folder","Recepciones","Recepciones","Consultas","2009-11-20 00:30:26GMT","","0","0","","0","0","0","0","0","1e39a35d8e9d9e63fb85fd0f035d6122ac5df6f3405eeb6755afe3f240fa08e9",""
"Folder","Repaletizaje","Repaletizaje","Procesos_SAG","2014-01-03 16:39:28GMT","","0","0","","0","0","0","0","0","c0f7aa231d3f3ae50a312e711a61079d55f5f3e0f64afddf214331c9252f259d",""
"Folder","SAG","SAG","Consultas","2007-05-17 19:22:08GMT","","0","0","","0","0","0","0","0","0e2d69b3f3ca9184da4d66e0f32a59515363cbe1a1edac41efa9b0031a1ba85b",""
"Folder","Seguridad","Seguridad","","2012-11-19 20:40:40GMT","","0","0","","0","0","0","0","0","498c98947ebf708c5faf6773f4c99bace3aaef69fc18d0c6387af52a5c4aaf49",""
"Folder","Stock","Stock","","2005-11-28 15:05:14GMT","","0","0","","0","0","0","0","0","d0ec1ce1f219e6c016e793524927a2464adbf2f7a308f86339f2acda16a2dc84",""
"Folder","Tablas_Paso","Tablas_Paso","","2011-11-20 01:36:26GMT","","0","0","","0","0","0","0","0","a2bdb0616e64e433ffe4ccf206c66c52a43167945ba52798215859fa5b1dd00f",""
"Folder","TM","TM","","2011-09-27 23:07:22GMT","","0","0","","0","0","0","0","0","fed02e47fbbd5950acbe8bb2b7e46e7d3fe1d9239f83b4ce0952bfc9735d731e",""
"Folder","USDA","USDA","Procesos_SAG","2008-02-12 18:47:42GMT","","0","0","","0","0","0","0","0","bebbb16ead7227017aa8e4038069b3cd1b78025421a3b8a098a839e09dc2a6c0",""
"Folder","Varios","Varios","","2007-07-26 20:30:10GMT","","0","0","","0","0","0","0","0","2ef5be5108a676aca5e710d2504200e7f9f54951afdfc05bd14c5f1bd1fd12da",""
"Group","Asig","Asig","","2008-10-27 03:07:48GMT","","0","0","","0","3","0","0","0","0b8bbe8c24f5c8000ef1602b1bdb1f73d6ad010afaebd2a3795bb191b040d18e",""
"Group","Clauventa","Clauventa","","2016-11-25 21:49:26GMT","","0","0","","0","2","0","0","0","fd5e51cc53bdd6675daf0eb1fadcf254d4a3eb869940e83fbb069f35911dd771",""
"Group","DesMan_PuertoD","DesMan PuertoD","","2011-11-22 19:34:16GMT","","0","0","","0","2","0","0","0","62e0bf7d1fb663fb1935b3711b1208a5fedad8f29778ba872618dabda630bf1f",""
"Group","DesMan_PuertoE","DesMan PuertoE","","2011-11-22 19:30:20GMT","","0","0","","0","2","0","0","0","b86411356ef7dfd1d62c7a78efb41c10a1097d5164ce94fdac46c9effcce848e",""
"Group","DesOri_PuertoE","DesOri PuertoE","","2007-05-23 15:42:36GMT","","0","0","","0","2","0","0","0","3217e007a10b7fa37cae2402a2783a8ac9200e151b8d95e1bfe3bca4417f3817",""
"Group","DesOri2_Env","DesOri2 Env","","2010-12-13 20:42:00GMT","","0","0","","0","6","0","0","0","0bc779b862968ca1385c455055978979fb927f785d586eb9ee83670ea8ff074f",""
"Group","DesOri2_espe","DesOri2 espe","","2007-05-23 14:22:44GMT","","0","0","","0","5","0","0","0","936897fa1c5bd9371553f4b15fd5a0e9f41251a7fcf757ce046bd348849aa13d",""
"Group","DesOri2_Prod","DesOri2 Prod","","2007-06-18 16:33:50GMT","","0","0","","0","5","0","0","0","958ce412e92dbf0a40f54c3b798bb4362d88282f87558ce88ac5192628dc7f28",""
"Group","DesOrig1_Espe","DesOrig1 Espe","","2007-05-23 14:20:14GMT","","0","0","","0","3","0","0","0","221353422eb0d8c4320e6de3f32f5885b5173bd253e440a6d571f9679480c867",""
"Group","DesOrigen_Puertos","DesOrigen Puertos","","2007-05-23 15:41:46GMT","","0","0","","0","2","0","0","0","eef50b296786916f8a2297c3378615ef86045ff422413a0e2c58510b2cfd7063",""
"Group","DesOT_Cliente","DesOT Cliente","","2007-10-11 19:51:50GMT","","0","0","","0","3","0","0","0","fc9434532abfcf3e8b6143ffff986de87868e0ae9b3bbf618f07bc2ec13c92b2",""
"Group","Dest_MP","Dest MP","","2008-02-29 19:12:10GMT","","0","0","","0","2","0","0","0","31695106e135c6796825a7aae55e18ebc359afde36aa159352b5746d30fc3bbc",""
"Group","Destinos","Destinos","","2005-08-09 18:48:00GMT","","0","0","","0","2","0","0","0","00c9c252b705fc2f7a34a3a785f10d20e021ae5458bb3a68e17eca75a45175ed",""
"Group","ENV_MP","ENV MP","","2008-02-29 21:14:54GMT","","0","0","","0","2","0","0","0","e7bb8c886d113d9b3134c02c3aed68e900dcfc8a557d404d7a82cd33391447de",""
"Group","Espe_MultiPuerto","Espe MultiPuerto","","2008-02-29 16:16:08GMT","","0","0","","0","2","0","0","0","4bbf88309ed2ad8ee8a2a6ac358f01b9970223d93eb12d95972e32057a188ed0",""
"Group","Fol_Especie","Fol Especie","","2007-04-27 21:27:10GMT","","0","0","","0","3","0","0","0","27375054cb90ce5fd8df49453231d717d68514e8e0a2a2b48b2509e5a4139cc9",""
"Group","Fol2_Espe","Fol Espe","","2007-04-27 21:26:38GMT","","0","0","","0","5","0","0","0","99a53232e324114ad6dbcfd7bc57f193a15a33d99438133770dd2c56ef488d13",""
"Group","Fol2_Export","Fol2 Export","","2007-10-26 14:24:14GMT","","0","0","","0","3","0","0","0","6ccf9559fac684f1b42347e78b7c74fa3abb260ba8a858cafad6fd3ec6c34543",""
"Group","FormaPago","Forma Pago","","2016-11-25 21:29:28GMT","","0","0","","0","2","0","0","0","c63d1b4d9d740a4e0ad4cda7b950470b809bfeb8f5c56beb618aba559ca30ddb",""
"Group","FR_Alt","FR Alt","","2008-02-20 16:16:12GMT","","0","0","","0","3","0","0","0","5fb8c42bd91a15f120d65f12b4a7aa05e4414bd54a04b614af4c6a8149ed5d23",""
"Group","FR_Base","FR Base","","2008-02-20 16:13:40GMT","","0","0","","0","3","0","0","0","59b56e2aab4864f43c2fa71f812442cbf684c5c554c47054781f3c95ed1ffcc1",""
"Group","FR_Espe","FR Espe","","2008-02-20 16:09:10GMT","","0","0","","0","3","0","0","0","7f37f1a346966f16304d9e86f1f463d56531df7d346df89fcd30e3a63c58d3cc",""
"Group","FR2_Env","FR2 Env","","2008-02-26 03:04:58GMT","","0","0","","0","7","0","0","0","6dfa4acf2d29657910f4b5bf80cf58f304654caa2d9235ec3353b0d1c38d3b9b",""
"Group","FR2_Espe","FR2 Espe","","2008-02-20 21:17:52GMT","","0","0","","0","5","0","0","0","d83569f293260de753b9fe122554cfa09efc3dc4d42fade169f296fb8800f784",""
"Group","FR2_Prod","FR2 Prod","","2008-02-20 21:18:34GMT","","0","0","","0","3","0","0","0","04d1c5948268a1c662b99a0d23e5346930742c77d25bbccffe2023bc0fa667fb",""
"Group","ModalidadVenta","Modalidad Venta","","2016-11-25 21:31:00GMT","","0","0","","0","2","0","0","0","9071705f2522c0dfa6e81af9abd1a575d55d1cb89cf37fdee54c71aad3a3e8da",""
"Group","Modulos","Modulos","","2003-08-01 21:39:26GMT","","0","0","","0","4","0","0","0","5523e1b2f8b6262f08ed87e0d026bd91ce973315f8f0d67460fe5a482885a384",""
"Group","Mov_Condicion","Mov Condicion","","2005-08-09 14:41:36GMT","","0","0","","0","2","0","0","0","9a05e86f1416a13edf8d04c6e57af9729da219d9ea5fedf4ab9dd44c78c3c46e",""
"Group","Mov_Especie","Mov Especie","","2005-11-16 18:42:46GMT","","0","0","","0","5","0","0","0","d9f66a17f1bb1fa28edf7dd27b1c0bc077e7745ba28538e158a9a52d24dc493f",""
"Group","Mov_Productor","Mov Productor","","2005-11-16 18:42:26GMT","","0","0","","0","5","0","0","0","24978184ba3afcad976e975f6aa51337fdabddd2da5639e6a34b8d10f90e7747",""
"Group","Mov_TipoDoc","Mov TipoDoc","","2005-08-09 14:42:20GMT","","0","0","","0","2","0","0","0","3bb41826fe123d1c5714e93cce5794e3cdaf6aa1ccd1049deda539b54440e306",""
"Group","Mov_TipoEnvase","Mov TipoEnvase","","2005-11-16 18:55:20GMT","","0","0","","0","3","0","0","0","ded9e020ac497c20a9926e6df4bbdaddbfc0790c2f3565291837ab260c346f35",""
"Group","OrdProc_Envase","OrdProc Envase","","2009-09-28 16:56:10GMT","","0","0","","0","3","0","0","0","2408bd865dbde20b5e1e05342dbd0ce0fc0e04b2d4126877c0386157bdcd66e5",""
"Group","PackList_PuertoDestino","PackList PuertoDestino","","2016-10-28 04:53:28GMT","","0","0","","0","3","0","0","0","b3441add2e6867c33971411f02c7db81d18d9c70d765b2e122f141bd298fbf7f",""
"Group","PackList_PuertoSalida","PackList PuertoSalida","","2016-10-28 04:51:32GMT","","0","0","","0","4","0","0","0","5f3ec3d3593cc1142a3372f0db972214f51cbbb49c8307f7fa4f48dc61c8669f",""
"Group","Paletiza_Espe","Paletiza Espe","","2011-09-27 23:08:38GMT","","0","0","","0","3","0","0","0","e96db6ea5f872ed0a025e03481cbb80fb5cfb64b63727c7eb22f607daacfaf16",""
"Group","PSC_Destino","PSC Destino","","2007-10-18 14:57:56GMT","","0","0","","0","2","0","0","0","472767fb3b90b83bb2c0570f9c8f5435df4bb621aafc220969f8b66ffb34bb43",""
"Group","PSC_Envase","PSC Envase","","2007-10-18 14:58:38GMT","","0","0","","0","3","0","0","0","989f46beb2fdeec44defb4380eb056d5ea015faf149d8fcab9500d4d18788d89",""
"Group","PSC_Especie","PSC Especie","","2007-10-18 14:55:10GMT","","0","0","","0","5","0","0","0","309dae25a88b2de85fb65717ec77259c9817746d2256bb86b406c622a0e85cea",""
"Group","PSC_Expor","PSC Expor","","2007-10-18 14:54:10GMT","","0","0","","0","3","0","0","0","8eee8433b61bf633e74204e3bab009a53d64eeb372a561335933fca021836035",""
"Group","PSC_Prod","PSC Prod","","2007-10-18 14:59:44GMT","","0","0","","0","3","0","0","0","9cea339316049f9f69173d61b6004b88239c0e0d1153f188a220bc415b30f5e0",""
"Group","PSRep01_Env","PSRep01 Env","","2007-05-04 21:36:58GMT","","0","0","","0","5","0","0","0","d95f9cc04920968e1b5ecb9cfc644382139da9cd8bc91f80bab3df0448f64de9",""
"Group","PSRep01_Espe","PSRep01 Espe","","2007-05-04 21:34:28GMT","","0","0","","0","5","0","0","0","f7ad790ec51b4624fd1e5a4ecda68c88812887e776fdae6e9020383b81c76df9",""
"Group","PSRep01_Prod","PSRep01 Prod","","2007-05-04 21:35:36GMT","","0","0","","0","3","0","0","0","71e70a627f0fd4dbeebab61508cb72c73ad87b971581fe86241db97f7646cc83",""
"Group","PUS_Espe","PUS Espe","","2007-12-17 03:26:16GMT","","0","0","","0","3","0","0","0","ab791dfbd3b9893fcca2fc5cad37911a1082f67a28bb6bc65ba386c6e3986319",""
"Group","PUS1_Espe","PUS1 Espe","","2007-12-17 03:25:38GMT","","0","0","","0","3","0","0","0","c048d0b9ee42f43563aa63c65810dee7f111e8e47baa3a01576bba062486691f",""
"Group","REP_Env","REP Envases","","2008-02-26 03:04:28GMT","","0","0","","0","7","0","0","0","7f80ca4a67dfca1a906949b5aac3547595435a8299fd2e84e9c8e9d0be7ef453",""
"Group","Rep_Prod","Rep Prod","","2007-04-23 20:34:02GMT","","0","0","","0","3","0","0","0","454941efa5b96ac07e64a4d261c125c556cd6e8890be1871d651d522c28a3f96",""
"Group","REP0_Altura","REP0 Altura","","2008-02-12 19:35:28GMT","","0","0","","0","3","0","0","0","228639670e72ad4ba8dd0eea872ccdd1b84ae15b861d6a07ba3da50d3710c2d9",""
"Group","REP0_Base","REP0 Base","","2008-02-12 19:36:36GMT","","0","0","","0","3","0","0","0","d97abc0eb04fd9921bea05915682f84c93274be7b275aeab9a57a6935522bd0e",""
"Group","REP0_Espe","REP0 Espe","","2007-04-27 21:14:42GMT","","0","0","","0","3","0","0","0","812203c863f9f951bd2f60d6eb01537b1b5ea739a12a5cfef5dc559a55bbf40a",""
"Group","Rep1_especie","Rep1 especie","","2007-04-27 21:17:36GMT","","0","0","","0","5","0","0","0","4c966bf49f8215d38689de287e3ae3f2be96837559352580cade1119c37cbc8f",""
"Group","Sol_Envase","Sol Envase","","2005-11-16 18:45:30GMT","","0","0","","0","5","0","0","0","1fdcc87a18a4b88117154d9c65dd833e93a73f085cf69b7ebc7a520e3d2b4018",""
"Group","Sol_Prod","Sol Prod","","2007-06-18 16:32:14GMT","","0","0","","0","5","0","0","0","9851834810e131e1583dd4c8727bcd8a34be915e0390f5aebdf405796460817f",""
"Group","Sol2_Altura","Sol2 Altura","","2008-02-12 19:19:32GMT","","0","0","","0","3","0","0","0","6ab7ea504eeb6f25a4220679f0d16bb45fac205ac15134f35cb0a8764c7e4785",""
"Group","Sol2_Base","Sol2 Base","","2008-02-12 19:17:58GMT","","0","0","","0","3","0","0","0","e8dcd61ed47d8b4653b36a37703c692b5b0f53e30e0712df9b3ade45ff075114",""
"Group","Sol2_Eti","Sol2 Eti","","2008-02-12 19:16:52GMT","","0","0","","0","3","0","0","0","cfea01a926bb2acc9a911b5c88e39df822810c2a18b1ffe3af0103c7fc43d328",""
"Group","Solicit_Especies","Solicit_Especies","","2007-05-03 14:22:36GMT","","0","0","","0","4","0","0","0","d9bdf7228910c24a3bd379b5486f89c517ade59e19745d042487cd7706933f22",""
"Group","Solicit2_Especies","Solicit2 Especies","","2007-05-03 14:23:20GMT","","0","0","","0","3","0","0","0","11f33f186e95a13850bafadcfe52c7cd5f8aa8c2b1c3af8e3aac908da8dc2eaf",""
"Group","Solicit3_Especie","Solicit3 Especie","","2007-05-03 14:24:12GMT","","0","0","","0","4","0","0","0","7d55905a196997a71a9407fc0eefde9b39f3b1b39240564f6e5b15735eab0c0b",""
"Group","ViaTransporte","Via Transporte","","2016-11-25 21:51:46GMT","","0","0","","0","2","0","0","0","eef381cac7a2b439ba47247603132733c043f1014bc721c468b972b81cf3330a",""
"Menubar","MenuConex","MenuConex","Seguridad","2003-09-22 20:34:10GMT","","0","0","","0","0","27","0","0","ccaa6fb88410796c08502564e8bccc9f0c4bb680c3c6bfd316d5a6a1c1b0210b",""
"Procedure","AbrirFolio","Abrir Folio","Paletizado","2011-11-03 02:30:56GMT","","10","0","","0","0","549","32","0","9474c5021b5d0a61d8c180b3e21dd158b22e594eb309384a2327e0937515a9de",""
"Procedure","ActuCorrGuia","Actu Corr Guia","Guias_Despacho","2011-10-25 00:51:40GMT","","10","0","","0","0","222","33","0","4a8868afecdce7c08e0d83339ae02d1513eb6d134cd5d8d6504e6999507c4999",""
"Procedure","ActuTotFol_DOT","Actu Tot Fol_ DOT","Despachos_Varios","2011-11-20 01:15:32GMT","","13","0","","0","0","215","64","0","2e782832168bc0a0bf2ccb53eacf6b4503b3adda82f1b1a539a60353eb075fe4",""
"Procedure","AgCeros","AgCeros","Proce_General","2003-10-21 20:27:46GMT","","10","0","","0","0","162","23","0","ba2891960327fe2645e545c59669fa4d3a278e6a66cded3cf08e54076bc5a569",""
"Procedure","AgrCeros","Agr Ceros","Ingreso_de_Folios","2005-07-29 18:50:40GMT","","10","0","","0","0","90","22","0","1a540bd292cb6e1789e91ef32749c6f7fd647ef92f7f10ae09830c30fbbaf811",""
"Procedure","AnulaDespa","Anula Despacho","Despachos","2009-02-23 17:08:24GMT","","15","0","","0","0","979","44","0","b7719ecc43e6fa7f6c941d3b9f856b168a76a7b7ee31facf62940b2125f39868",""
"Procedure","AnulaDespaUS","Anula Despacho","USDA","2008-02-27 18:20:48GMT","","15","0","","0","0","802","51","0","265d40d7e16a89d35d5cd6554e4010b259e3f9f48f92c98d4eff0032c803e326",""
"Procedure","AnulaFactura","Anula Factura","Factura","2011-11-23 20:32:18GMT","","8","0","","0","0","184","44","1","e7c80554986241a73ceefc21e852e56cf1b2d4c23dbfe55b887d9f4da571d6c8",""
"Procedure","AnulaRepa","Anula Repa","Repaletizaje","2008-02-26 03:08:24GMT","","29","0","","0","0","3548","36","0","ea1a5048ca603be7a96b8395d1899c12291f6b1d0b388f2cfee758429f7a840b",""
"Procedure","AnulaRepa_FR","Anula Repa_ FR","Ingreso_de_Folios","2009-01-07 18:46:36GMT","","31","0","","0","0","2306","36","0","5237ce92b41c1456ab1a57b0c49e3112ca2b753e58c0198bce5552ec0aeff365",""
"Procedure","ArchiDES","Archi Despacho","Despachos","2012-12-07 00:02:08GMT","","44","0","","0","0","1912","58","2","3167207e40826ddfaf862c62f6d1e914fad0727067646bbe17b034edeed94f2e",""
"Procedure","ArchiDET","Archivo Anulaciones","Anulaciones","2012-12-06 23:54:04GMT","","45","0","","0","0","1416","48","2","078605280a9cf5a75e92aa47b958a6b86b1850efa313f53970eee4219cb6a8b0",""
"Procedure","ArchiINS","Archivo Inspeccion","Inspecciones","2012-12-07 00:04:30GMT","","43","0","","0","0","2060","48","3","c30401ddc86d4588d93d80174011fb9dffeb9027607ade835bc68ff4e06359bf",""
"Procedure","ArchiINT","Archivo Interplanta","Interplanta","2012-12-07 00:05:24GMT","","43","0","","0","0","2035","36","4","d489fb42f06c7131e7d3bc5b0c437433e12d5a92f4af48b3a614fde1e41bed04",""
"Procedure","ArchiMP","Archi Despacho","Multipuerto","2012-11-12 02:07:18GMT","","73","0","","0","0","4653","55","2","4fe3806fb102648939d3276741cb8ecb6294026886d91ebcf07e2cc26e0a2bbb",""
"Procedure","ArchiRepa","Archivo de Repaletizaje","Repaletizaje","2012-12-07 00:06:46GMT","","43","0","","0","0","2810","47","3","142a95343ed4c29f504197499440c3fc1b1c6d06cbe49c997087446d82df1c24",""
"Procedure","ArmaFolios","Arma Folios","Paletizado","2011-10-05 01:32:42GMT","","24","0","","0","0","1943","62","0","ddf4400dfe86df060555759028c353d9d02102560feded7f4803c2bf69de1993",""
"Procedure","AsigEtiquetas","Asigna Etiquetas","Orden_Proceso","2011-11-17 02:55:30GMT","","13","0","","0","0","338","52","0","d25a730beeb6262a744fb768fb77527e2c9466d35ffdf1d09da8e9aee1a9e34b",""
"Procedure","Asignar","Asignar","Seguridad","2008-11-13 03:04:00GMT","","13","0","","0","0","276","58","0","91f61d06615edbd13ee6fa71de47a9a2161257a496edddd6f6db7039efa10e0e",""
"Procedure","AsigProg","AsigProg","Seguridad","2008-11-02 03:41:02GMT","","15","0","","0","0","659","76","0","f9a0f64888fecd6421143d30ca7a3df8b2e9c7d554805f7533bff3a0897ba443",""
"Procedure","AsigProg2","AsigProg","Seguridad","2009-02-13 20:54:36GMT","","15","0","","0","0","413","79","0","33d44da003e532130bdc2455b4bfaf28529120f786c611351436d212cbac84d3",""
"Procedure","Autonumber","Autonumber","ConfiguracionLineas","2014-10-31 19:43:12GMT","","9","0","","0","0","95","18","0","2e545da9919f49972d01eaabc745730efa6b4bfa1a2c692c2afcea9ca3291b93",""
"Procedure","BajaFolDesp","Baja Folios Despachos","Despachos","2008-12-27 17:28:08GMT","","15","0","","0","0","1692","55","0","728a41fcd6c980bc6d92ad0e1527038114ed69c18db2e7688dd72978392d44c5",""
"Procedure","BajaFolDespUS","Baja Folios Despachos","USDA","2008-02-27 19:35:44GMT","","17","0","","0","0","1575","69","0","a89c33db290c48da13c514f8286e83094e8f0e6f4cd3bbc9c17d7afbbd87f1f0",""
"Procedure","BajaFolios","Baja Folios","Inspecciones","2011-02-26 01:38:04GMT","","30","0","","0","0","2861","65","0","359c16c0046392cbfbe7e87e66a03466108e3995d8b4c79601f53dd07859080f",""
"Procedure","BajaFolios_USDA","Baja Folios_ USDA","USDA","2007-12-17 21:42:12GMT","","28","0","","0","0","2799","57","0","b1f13c9b2fbb0ab8bcc420a27743ecd5db24f273407ccde7c279b51c5423ae35",""
"Procedure","BajFolDesOT","Baja Fol Des OT","Despachos_Varios","2011-11-20 01:12:52GMT","","16","0","","0","0","832","45","0","5a011d101fdc1b207266d5cb7c4057b6f21c874a9fb7435ad09f7270c76eec4d",""
"Procedure","BajFoliosAnu","Baja Folios Anulacion","Anulaciones","2007-10-10 20:06:08GMT","","13","0","","0","0","421","61","0","372ff664407fc8e2e421f42fdc00d08638ad390d05bfdfebd73360ee4eb8af24",""
"Procedure","BuscaDatMP","Busca Dat MP","Multipuerto","2012-01-28 13:46:36GMT","","11","0","","0","0","114","44","0","84f664681f184828509c80c5bc4daaaecf3b7d2caf60b946f936ea6fefb044f4",""
"Procedure","BuscaEmisor","Busca Emisor","Guias_Despacho","2011-11-28 04:03:50GMT","","11","0","","0","0","196","40","0","78121ba503af1bb371a5eeb29ff4d7eb14ff157ef8803dac752ece3b6b24b454",""
"Procedure","BuscaEmisor2","Busca Emisor2","Guias_Despacho","2011-12-02 03:28:06GMT","","11","0","","0","0","196","40","0","095b655a67b593adf374fbe9f58af543633e595d3ee4a4e21ac7ece311d4cb42",""
"Procedure","BuscaFolioPAL","Busca Folio PAL","Paletizado","2011-10-10 18:24:22GMT","","12","0","","0","0","328","51","0","d04fd1c7d647d25c31bdf2213319267e673a8957ccd3879859d71e7f9e7c4da8",""
"Procedure","Buscaguia","Buscaguia","Orden_Proceso","2011-11-22 11:55:30GMT","","11","0","","0","0","163","41","0","e21892ca595acb09d1116c25aea929a063a52d72ef5703208ba0f436abe1f44b",""
"Procedure","BuscaGuiaI","Busca Guia I","Despachos_Varios","2011-11-19 01:16:58GMT","","11","0","","0","0","179","52","0","fc45da6fbc7d6a9f238faebb3b7086abb4ef731feaee9da1c26b21ed8a5c5f26",""
"Procedure","BusFactura","Bus Factura","Factura","2016-12-21 00:58:22GMT","","9","0","","0","0","84","40","0","660d5e958c50aeb28202beb5b4f337de0b42b30d0f9eee0f67d478177611d1a9",""
"Procedure","BusGuia","Bus Guia","Guias_Despacho","2011-11-17 21:44:04GMT","","8","0","","0","0","81","42","0","f1d811a39ce819572965ddc63bcdf960ee58b04dcdbecc2a61ff0b16dc52a90b",""
"Procedure","BusIDDesOT","Bus ID Despacho","Packing_List","2007-12-06 00:38:58GMT","","12","0","","0","0","174","39","0","5373cc2809072c40a2744fa29714411ccb173b2d309e0ecb46acc18b59c9cb20",""
"Procedure","BusIDDespa","Bus ID Despacho","Packing_List","2011-10-23 14:02:40GMT","","12","0","","0","0","265","45","0","0ff2a85d9751642f73eb6cc87d278388fafc1899f5933dfa248b2c6eaeca38e3",""
"Procedure","CamClave","CamClave","Seguridad","2009-08-11 15:22:46GMT","","11","0","","0","0","167","50","0","067d3306c8e4ac2f412a95c6197e2fe787bd81dd9b80c52ca90268a99195a2ed",""
"Procedure","CamEstDespa","Cambia Estado Despacho","Despachos","2007-05-25 21:18:34GMT","","12","0","","0","0","275","46","1","8cb5b2d396afdb2c10ec03ec67f67cbfbad2fa294a80f6c8e0611fae8349771d",""
"Procedure","CamEstDespaUS","Cambia Estado Despacho","USDA","2008-02-27 19:37:50GMT","","13","0","","0","0","405","61","1","fd15aa2ebd0818d81dfbec20fd616e6c2ace54ae2b8cd2c36fa150f31cec7483",""
"Procedure","CamEstGuia","Cam Est Guia","Guias_Despacho","2010-12-06 02:49:04GMT","","8","0","","0","0","69","44","0","8a5bbbb1b838150861dbbf4bd986b9673cfe6dbd0c6fd81f11ac2010b452f659",""
"Procedure","CamEstProc","Cambia Estado Orden Proceso","Orden_Proceso","2009-09-28 21:28:56GMT","","11","0","","0","0","295","49","0","287d2f580cb4a00fd6253893106073e83a0b0a50ab8ad6c29dd7d426f7d9bc44",""
"Procedure","CargafolDiag","Carga folios Diagrama","Diagrama","2012-12-10 03:13:16GMT","","27","0","","0","0","2401","34","2","cc98f1c82fa98e7df0f20bc612a68aadf825fce97f2e3d0f611a560403bb2a89",""
"Procedure","CopiadeSolicit02","Detalle Solicitud","Inspecciones","2008-01-29 02:37:06GMT","","20","0","","0","0","800","60","0","861a7adfc8effece00afffab64b1cb07473ee5314e5cc73a1e0a8bb3dc32ce9d",""
"Procedure","CopiaGuia","Copia Guia","Guias_Despacho","2010-12-06 02:56:14GMT","","23","0","","0","0","1279","48","1","7f721f62f620a3ff243f9c5e542bf3b4baae6d589e356ef12af2b1905c01c64f",""
"Procedure","Crea_ClienteEmisor","Despachado Cliente","Consultas","2011-12-29 02:58:34GMT","","30","0","","0","0","1971","66","1","4f39c5e36040c21d4f5bcfdbcbcc65df90b88909f635e57c95e66e5cbd7e4249",""
"Procedure","Crea_ConsultaDC","Despachado Cliente","Consultas","2011-12-15 12:56:54GMT","","24","0","","0","0","1786","79","1","dc90eef50ac8204bb3846c177841d84bad81d951fb7477b66cc6bd3c623b65d1",""
"Procedure","Crea_Detalle_LOTE","Crea_ Detalle_ LOTE","Orden_Proceso","2009-09-01 23:45:28GMT","","27","0","","0","0","2120","84","0","a5a5d2238c6868000c734114cfc920f6815cb85debbd78a0c4003dffd77b4182",""
"Procedure","CreaCabeza","Crea Cabeza","ConfiguracionLineas","2014-11-03 04:52:30GMT","","11","0","","0","0","555","167","0","f6fc2ffe283fde1681e5bcef2a5bf5c80e02165afe46cc916e60d885dbd8b460",""
"Procedure","CreaDatMP","Crea Dat MP","Multipuerto","2012-01-28 13:46:56GMT","","10","0","","0","0","79","38","0","9f6af89cd45aaf69a4fbbd5fa0831d289805b9f4cfd331d87a2b25ff86416f81",""
"Procedure","CreaDetMovFrut1","Crea Det Mov Frut1","Ingresos","2014-11-04 00:14:58GMT","","29","0","","0","0","1633","153","2","6ff7d3719e8f589c94732abd150346c203e2bd6b06ca0e5e77b2e0815bfad0ac",""
"Procedure","CreaDetPaletizado","Crea Det Paletizado","Paletizado","2011-09-30 20:40:02GMT","","20","0","","0","0","718","45","0","435457fd616276fa95723828b4181e1d51d27238c6c3cce24851ce92f961a638",""
"Procedure","CreaDiagramas","Crea Diagramas","Diagrama","2012-12-10 03:23:26GMT","","24","0","","0","0","3592","44","1","3a86322a5521763c06f48744863903fcc14d3fae289cffa49e835adbba3d9c0d",""
"Procedure","CreaFactDetalle","Crea Fact Detalle","Factura","2011-11-28 05:07:12GMT","","17","0","","0","0","293","127","0","7a56d055841069bf21ed21b1c7063364bbd20da695263e3381bbb038f6c4875c",""
"Procedure","CreaFactura","Crea Factura","Factura","2016-12-21 19:46:52GMT","","42","0","","0","0","796","253","2","cda464389503f1dfa8c81eb4ccd3a2ddb910b58dc5b46b7b636ae7ff0b7e085f",""
"Procedure","CreaGuias_Origen","Crea Guia de Clientes Pallet","Guias_Despacho","2016-11-19 15:30:40GMT","","59","0","","0","0","7303","95","6","8329590e01245e9c5f7ffcbc82180678fb4ebf3d1811d60e84caaa370ee7ff0b",""
"Procedure","CreaGuias_OriTB","Crea Guias origen Trebol","Guias_Despacho","2011-12-02 19:44:50GMT","","58","0","","0","0","3995","95","5","1cf465d493a699f90fae57eb68862ab232f43bacd1bce998c60292ca131dee01",""
"Procedure","CreaGuias_OT","Crea Guia de Clientes Pallet","Guias_Despacho","2011-11-29 03:13:48GMT","","56","0","","0","0","4693","91","5","762c3f4764232ab8d5ec06bd93aadeec3ff3d45d24ea1273ccd3d4242b321220",""
"Procedure","CreaGuias_OTTB","Crea Guias el TREBOL","Guias_Despacho","2011-12-02 03:35:56GMT","","57","0","","0","0","4753","91","4","1d067bf1d791b56c96a84025d5062be5151715894e3403000b4dfbdd17da4e1e",""
"Procedure","CreaLOTE","Crea LOTE","Orden_Proceso","2009-09-28 20:31:32GMT","","21","0","","0","0","606","124","1","94af48eef29a1a36248f31a3ed7e713fb41b1cc3468804e25ed3ec7d97675e4a",""
"Procedure","CreaPaletizado01","Crea Paletizado01","Paletizado","2011-09-28 02:25:38GMT","","15","0","","0","0","202","72","0","ab9d4d623fe3b20e4b5a6d07d8e942f79939dd1de697bf50b18864ab8f9ca9ba",""
"Procedure","CreaPreFactura","Crea Pre Factura","Factura","2011-11-28 04:36:24GMT","","17","0","","0","0","616","98","0","183c7718f7b449783ab1a48fea702cc8a68f474496de9569dad0ac429d691590",""
"Procedure","CreaRepa","Crea Repa","Repaletizaje","2014-01-03 16:59:06GMT","","16","0","","0","0","310","73","1","38a0422c84545504943f207ba3c29af243ed9a83c59c05e10dacda5438f3e7cb",""
"Procedure","CreaRF0","Crea Rep Folios 0","Ingreso_de_Folios","2008-02-20 16:23:54GMT","","15","0","","0","0","275","64","1","dd6b09febb6a94c0cfa716d37644d308563ccb05bb05007940c92c4fb02d16e9",""
"Procedure","CuentaFolAnu","Cuenta Fol Anu","Anulaciones","2007-10-10 20:53:30GMT","","11","0","","0","0","302","38","0","b0aee5aaa03b7204ec045493068e1dff6d106f8eb8ec964d558ea692eff90f05",""
"Procedure","DelLineaSol","Del Linea Sol","Inspecciones","2005-08-30 19:16:28GMT","","13","0","","0","0","102","28","0","9daf0dd34b944521ba25ff354ae24324304a9b50cc7c54663bae9aad6de61433",""
"Procedure","DesAsig","DesAsig","Seguridad","2008-11-13 03:38:54GMT","","14","0","","0","0","1313","68","0","e345907f1c11aefa0c2116e6d2ab185742f436827702d4ce2f79ffed8330c1d4",""
"Procedure","DesmarcaPrefactura","Desmarca Prefactura","Factura","2011-11-23 20:32:08GMT","","12","0","","0","0","362","51","0","8bb51166e6e03779a0f138b8032479a8c8dfede9087d31638ac393415cb54c66",""
"Procedure","DLTConf","DLTConf","ConfiguracionLineas","2014-11-03 05:27:06GMT","","16","0","","0","0","173","167","0","e0322aac1fd395c20bf52a0eb9fc5d108972d07856ea0eedfc928525453a9d40",""
"Procedure","DLTdespComer","Elimina despacho Comercial","Despachos_Varios","2011-11-19 00:59:44GMT","","18","0","","0","0","797","44","1","712458e8ecf6947239620f4d58035452670fa31c8ffcb51a76d196914317ce92",""
"Procedure","DLTPS_diagrama","DLTPS_diagrama","Diagrama","2012-12-08 20:33:02GMT","","7","0","","0","0","85","33","0","b9ecf8dc005297d16281d13621b2a7e93ff0febf777b5df7265461055ae4c81d",""
"Procedure","Efact01","efact xml","","2015-11-27 22:00:54GMT","","7","0","","0","0","0","0","0","1e038ced4eb8cdbf7c30113769e9641ed1aea13c281e991aef3486aa4efff467",""
"Procedure","Eli_PS_InfG001","Elimina PSC_ Cal","Consultas","2010-05-12 14:12:06GMT","","10","0","","0","0","181","36","0","6ab9fc85179979008b5b9ba3781387752517cc5243e1dee65ded77ef5654eab4",""
"Procedure","Eli_PSC_Cal","Elimina PSC_ Cal","Consultas","2007-10-18 20:10:52GMT","","10","0","","0","0","210","36","0","26e49011f8cc8b04db9ff28273058c02fefc627da38a94fbf6ce2f0bc7e644b0",""
"Procedure","Eli_PSRepa","Eli_ PSRepa","Repaletizaje","2008-02-20 16:28:18GMT","","12","0","","0","0","435","47","0","64c4f1a7aec25eaab0a6e2aefe5cf8218791e3d3876580a1ac862a5c84f934e4",""
"Procedure","EliCajaPal","ELimina Caja Paletizado","Paletizado","2011-10-04 01:53:22GMT","","11","0","","0","0","357","48","0","ffd55572f1e7b1c7e907ef1dd92e6cb2779affac82672adf3b31e06f3595be5e",""
"Procedure","EliCajasProc","Eli Cajas Proc","Orden_Proceso","2011-11-21 19:39:20GMT","","7","0","","0","0","53","31","0","2b8abe2d57f388a7791a260d206c8a11262ddf146a58c2e57cfd5b705d8475e6",""
"Procedure","EliDespCS","Elimina despacho CS","Cajas_Leidas","2011-12-02 20:59:26GMT","","12","0","","0","0","462","38","0","a631d935cad94e15c1c8abec66ab75b39334608c6cc011f8ecc5404b672cb390",""
"Procedure","ELIDETDCS","Elimina det despacho cajas sueltas","Cajas_Leidas","2009-11-07 15:51:26GMT","","14","0","","0","0","468","50","0","ab1591df0e69a3bd97ecd66f840f7338cfd6c8b02943447879ebf28fa2d2ad7f",""
"Procedure","EliEtixCal","Elimina grupo de Etiquetas por Calibre","Orden_Proceso","2011-11-19 17:49:58GMT","","10","0","","0","0","159","34","0","a5a020b1d4476d9bf6788011cc1c7a715afbcb59794dd92c6b78429ecde4cec4",""
"Procedure","ELiFolDesOT","ELimina Folios Des OT","Despachos_Varios","2007-10-11 20:41:54GMT","","15","0","","0","0","547","52","0","c0c0536a2b2bbe121510ee00a6326c7e8493459b998db320836a48b847b87ef6",""
"Procedure","EliFolDespa","Elimina Folio de Despacho","Despachos","2008-12-27 17:29:06GMT","","14","0","","0","0","976","45","0","6e95534ada8b30eca0decd9dc44a0e3c64e36e4f0e351200be044fa72096439b",""
"Procedure","EliFolDesUS","Elimina Folio DES USDA","USDA","2007-12-24 19:08:44GMT","","16","0","","0","0","853","58","0","63c8c9c8916d3dcd7dc3aa48ce7e90a4c71e1acf8f4af3e72a68734f328856b5",""
"Procedure","EliFolIns","Elimina Folios Inspeccionados","Inspecciones","2007-12-17 18:47:06GMT","","16","0","","0","0","1289","46","0","4167b64deaf3f991b433839adaa9436a1081a4432c4cf351764f715c3130f6d2",""
"Procedure","EliFoliosAnu","Elimina Folios Anulados","Anulaciones","2010-12-14 17:30:24GMT","","13","0","","0","0","415","61","0","c8505da9094bd816406b25abffde0b7136217b0aae141ef05d9161d3288568d7",""
"Procedure","EliFoliosDiag","Sum Caja Diagrama","Diagrama","2012-12-10 02:30:16GMT","","9","0","","0","0","71","33","0","9c65567ae68cf0ae0b35fc20ccf7cf8062cf81e634b86133acf4192cd9fbdbce",""
"Procedure","EliFolPal","Alimina Folio Paletizado","Paletizado","2011-11-03 00:39:54GMT","","7","0","","0","0","61","33","0","4ce292e8a2fcd7f5a5801805bc42f13680f7cca2c7248d80825e3c8654e22e62",""
"Procedure","EliFolUS","Elimina Folio USDA","USDA","2014-01-29 12:51:46GMT","","18","0","","0","0","1282","56","0","f2bc8d29837fd0824f7a3e702dfc488dd995c50041e15d9ade33eada7584077d",""
"Procedure","EliLinIng","Elimina Linea de Ingreso","Ingresos","2005-11-16 19:51:48GMT","","7","0","","0","0","187","109","0","fda764f2b5fc33fc8ff2b4d6e0e09d0300f4e8fac3eabcbe93f01de3d7833e7d",""
"Procedure","EliOrdProc","Elimina Ordenes de Proceso","Orden_Proceso","2009-09-01 03:24:16GMT","","12","0","","0","0","831","35","0","6f841d125ebb04993d5dfb20f0a5f01264d24bfebbc6cc2b7f39a055f730e19a",""
"Procedure","EliOrdProc_Det","Elimina Detalle de Ordenes","Orden_Proceso","2009-09-02 00:00:58GMT","","14","0","","0","0","546","44","1","a89f3d619ccc2068687aa1566f1d708411530aad5ff7da3318ac1edc5c60ceb6",""
"Procedure","Encripta","Encripta","Proce_General","2007-12-18 03:46:58GMT","","8","0","","0","0","47","15","0","e0d71c8c5b5456068e824e373ece82a0a881cfbbdffbfa2844954a7893185aad",""
"Procedure","EstadoACt","Estado ACt","ConfiguracionLineas","2014-11-03 06:49:20GMT","","16","0","","0","0","164","171","0","8666c562dd95cba0eb1a117d9f1e822bdb8c7b741a4a090e2b9aab1af1925c12",""
"Procedure","EstadoAnu","Estado Anu","Inspecciones","2008-01-21 23:36:20GMT","","14","0","","0","0","157","35","0","461c610e740c3f6a7c965becd6d6ba848c369fd35de4b45b0e20283e84989bb6",""
"Procedure","EstadoCONF","Estado CONF","ConfiguracionLineas","2014-11-03 06:35:24GMT","","16","0","","0","0","163","171","0","613ee4254aeb5158551a93fea7e5f9b44f6805652b45ca1ae965ab63f031a2cf",""
"Procedure","EstadoLineaSol","Estado Linea Sol","Inspecciones","2005-08-30 19:44:54GMT","","15","0","","0","0","114","44","0","ba363c7b647974b17cbd69deb1784e1c38196f0bc10566cab5852992f4681dbb",""
"Procedure","EstadoSol","Estado Sol","Inspecciones","2010-05-14 14:47:20GMT","","16","0","","0","0","1547","56","0","2dcceea7340b7b775504f8ae0f6b599906fde7fecc3271510fd871ae7cf7e06b",""
"Procedure","EstadoUS","Estado US","USDA","2007-12-20 23:01:50GMT","","17","0","","0","0","986","66","0","cf212dff81f148ced130529560ab425f841dac4541bc3921e76d0072a95a9d89",""
"Procedure","Eti_CajaVina","Etiqueta Caja Vina","ETIQUETAS","2009-11-19 14:10:54GMT","","43","0","","0","0","7637","91","0","9e91bf9ad0675435b693805a0e287674fd5161fb16732fad358f3a968aba6e6e",""
"Procedure","Eti_CajaVinaP","Etiqueta Caja Vina","ETIQUETAS","2009-10-09 15:32:40GMT","","35","0","","0","0","2636","120","0","1f84e7f123db0ffdd1aeb733a141f9917d4ef4143425bf59179a3ef20464ca44",""
"Procedure","Eti_CV_China","Etiqueta Caja Vina","ETIQUETAS","2009-11-27 19:16:54GMT","","43","0","","0","0","1689","55","0","33c68686262dc4341c0a08d02be4459e15ac7e76c92ca71ae79eb1ea52ec76a7",""
"Procedure","Eti_CV_Mexico","Etiqueta Caja Vina","ETIQUETAS","2009-12-05 18:39:00GMT","","44","0","","0","0","1375","55","0","d0a2a40d37785b44e483cc3c35fa83f16ab9949f49f96bbd02d392de1d518651",""
"Procedure","Eti_CV_Normal","Etiqueta Caja Vina","ETIQUETAS","2011-11-12 22:16:30GMT","","43","0","","0","0","2296","55","0","6af4f8fb1696a8c8e72f6be68bb1f79332901c907982eeca4675724f818a7f9f",""
"Procedure","Eti_CV_Normal14","Etiqueta Caja Vina","ETIQUETAS","2014-11-05 01:17:00GMT","","43","0","","0","0","3044","55","0","a1d20f545a2ae4a9877b7e2477c4ebb74d994eb7cf79d00352033fa3d6d67ccf",""
"Procedure","Eti_CV_RioBlanco","Etiqueta Caja Vina","ETIQUETAS","2010-12-02 03:28:06GMT","","45","0","","0","0","2174","55","0","3244121d853f932fbbc9c9705964d090400b322172ece7f7180b9e1fb2a1425d",""
"Procedure","Eti_CV_VINA2016","Etiqueta Caja Vina","ETIQUETAS","2016-11-17 17:23:54GMT","","43","0","","0","0","2333","55","0","035704ffba9fbd8cba456d937c17ba3bdc61348fcc0fa8d373425e432bf624d1",""
"Procedure","Eti_LineaVina","Etiqueta Linea Viña","ETIQUETAS","2009-11-14 15:35:44GMT","","23","0","","0","0","1720","55","1","d832a7f0ae0cf20fd3b568e91a9884e2a63cf9cbf5b8fba6e9537c4b5f8c75ed",""
"Procedure","Eti_LineaVina14","Etiqueta Linea Viña","ETIQUETAS","2014-11-05 04:04:42GMT","","27","0","","0","0","2110","78","1","ceeb91ef5952dc68344ff695cab48467c4b70fcfc50d216f75095bbdba162dbb",""
"Procedure","ExcelInfProc","Informe de Proceso a Excel","Orden_Proceso","2009-11-19 19:00:02GMT","","24","0","","0","0","3120","38","0","d82631a05baae9eace0a588bb97d3c4b276936252362becb2d6ebdf33fc159ae",""
"Procedure","ExistenciaCom","Existencia Comercial","Fruta_Comercial","2011-11-09 03:06:24GMT","","11","0","","0","0","231","46","0","6e5173c7c22fa141b7514e7e693819bccfcfe28707f81c9da6855f1c7cf43372",""
"Procedure","FinRepa","Fin Repa","Repaletizaje","2009-12-21 02:59:44GMT","","32","0","","0","0","3191","36","1","7350f0e654ae78d2a78ba35a0b8d9b63deabdd19cfe3e7f68c6a85c80f5bd3b2",""
"Procedure","FinRepa_RF","Fin Repa_ RF","Repaletizaje","2008-02-26 15:27:02GMT","","34","0","","0","0","3881","36","0","76d74f723609dd575b343f4d29c7e93a3f2c45cf0dbdbdb084f6fe59f2e9c014",""
"Procedure","FormatoCargaFol","Formato Carga Folios","Ingreso_de_Folios","2014-01-29 13:15:10GMT","","9","0","","0","0","763","0","0","1086b85c399d37762b1b51f4d0fe97525125eee59b059b4d64f4a0981b44b95b",""
"Procedure","GenCalibre_Proc","Genera Calibres Procesados","Procesos","2007-11-03 18:13:46GMT","","40","0","","0","0","10793","205","0","faf643d1c15341451b5bf03e978891f2761989f1f96adbe2d533a2f44d008ded",""
"Procedure","GenComu","Genera Comunas","Multipuerto","2012-01-05 15:43:04GMT","","23","0","","0","0","1137","83","2","5be44e33a1f8ddc3a3f638a4ddf87a5ef4a01dbecf30660cc3aaed259874e220",""
"Procedure","GenDes_Agente","Genera Despacho Agente","SAG","2007-12-01 04:10:14GMT","","22","0","","0","0","1663","68","0","5345f06ad1a9a87f380d9e077b1c32d1bfbf854fca4bfbcdb3c04fafe353b4c1",""
"Procedure","GenDes_Consig","Genera Despachado Consignatario","SAG","2007-12-01 04:46:38GMT","","25","0","","0","0","1713","69","0","81e33d4267252fa6cbbc02d7ecfd08887c73de60cdb7273682a3d7494b89c5cf",""
"Procedure","GenDes_Expor","Genera Despachado por Exportador","SAG","2007-12-01 02:38:22GMT","","20","0","","0","0","1658","68","0","8b0c945dccf10c2f93d4c42002c220818de9b36e7fee5d84ca3cf486144c0e7a",""
"Procedure","GeneraPackinglist","Genera Packing List","Packing_List","2016-11-14 17:39:56GMT","","19","0","","0","0","2734","58","2","db077ef1c1d5b178833dac86c8aff54c9846a6ff4afbd5ba0061f843baede6c6",""
"Procedure","GenerarFolios","Generar Folios","Paletizado","2011-10-10 18:13:14GMT","","15","0","","0","0","326","60","0","6e726e96f09b616e7120b0c7f0fd3ceb4b8374c0392f2aa0b9e55869232a9967",""
"Procedure","GenExis_SAG","Genera Existencia SAG","SAG","2011-01-21 14:31:36GMT","","27","0","","0","0","5711","61","0","d8d4e19d3d9c19bedbeb315971e070efb0f977177cdde17928edb018df7984ab",""
"Procedure","GenFol1","Gen Fol1","Varios","2007-10-08 01:47:14GMT","","13","0","","0","0","847","44","0","9261d37b50796f9a7700f7a462a95553f96fd21062e2e9b8c8199c403b5ee171",""
"Procedure","GenPHTP","Genera PHTP","TM","2009-06-10 16:25:58GMT","","28","0","","0","0","1685","0","0","821e596c726eae0fa737416815bb04587614f5245d90b14f02a417bce3dc79e5",""
"Procedure","GrabaConf","Graba Conf","ConfiguracionLineas","2014-11-05 02:51:04GMT","","18","0","","0","0","410","229","0","3d03678a6dfd18cbf1fe3996f28661b26a432d62de5f35113907815cf0bcf3b3",""
"Procedure","GrabaCuadratura","Graba Cuadratura","Orden_Proceso","2011-12-02 20:58:02GMT","","20","0","","0","0","962","113","0","b7410010ee712b288b4d90321f4d8a80664cbe77f6724e2fbb5e26daba7c4cd8",""
"Procedure","GrabaDespCS","Graba Desp CS","Cajas_Leidas","2009-09-08 21:45:36GMT","","16","0","","0","0","340","81","1","b4ea33fb3e7e2a73a0338fd601ce572747d914f1ee845ddc0e324a12bf9c0eb2",""
"Procedure","GrabaDETDCS","Graba Detalle Despacho CS","Cajas_Leidas","2009-09-08 21:56:34GMT","","14","0","","0","0","455","69","0","b8d2cd143047400ea85ac420f8ca449489b14a0ba184c98dfa4079302ea7ac65",""
"Procedure","GrabaMon","GrabaMon","Maestros","2004-03-02 14:48:58GMT","","10","0","","0","0","124","35","0","8e5b3cd480bbbf486a71d3831ce5141594a57b81cf356bb7190103a95456fff9",""
"Procedure","GrabaReEti","Graba Re Eti","Orden_Proceso","2012-11-14 02:55:46GMT","","14","0","","0","0","212","74","0","55a1fdd66528d1c8ac85a011b44e6be03aaa5522dedd4776d44046529d28f29e",""
"Procedure","GRepAgrega1_1","Agrega Folios","Repaletizaje","2011-01-14 14:12:26GMT","","29","0","","0","0","1967","157","1","38633e9461c86165f23aa45264c63481c480e843e665eda63a3257209df77cfb",""
"Procedure","GRepAgrega1_RF","Agregar Folios S/I","Ingreso_de_Folios","2008-02-25 21:43:36GMT","","30","0","","0","0","1824","179","0","9c640989619641bf0e6b6af1dcf06c8be10e3f7bb283229ea8f89f2850d8cfd9",""
"Procedure","GRepBaja2","GRep Baja2","Repaletizaje","2008-02-25 17:02:32GMT","","16","0","","0","0","508","74","0","bb81efa827ce2bef7471122f09b89cfc7fb8eb342d478d9426269296c06eeb11",""
"Procedure","GRepBaja2_2","GRep Baja2_2","Repaletizaje","2009-12-21 12:10:26GMT","","28","0","","0","0","2793","148","0","6280b2fafc6f330b81059e3c594ed1bfd521e4bad4602b83b26abbac5fa27b88",""
"Procedure","GRepBaja2_FR2","GRep Baja2_ FR2","Ingreso_de_Folios","2009-01-07 18:10:22GMT","","29","0","","0","0","2173","161","0","0ad3f78aa4569e1af7ffa71f5b73ebbc5eb86e08119f0b11f68f1b3eb87d7627",""
"Procedure","GRepSube1_1","Subir Cajas","Repaletizaje","2009-12-21 12:12:46GMT","","28","0","","0","0","2379","149","0","c12fabb817631a525ed6206be72e8cd0437e567582e2d41d2a0ba20a89385ecc",""
"Procedure","GRepSube1_RF","Sube Folios","Repaletizaje","2009-01-07 18:35:10GMT","","29","0","","0","0","1983","153","0","0306c0d234c0f02a2273a5749967e668a882a46a28309509446a0a78f5986e4f",""
"Procedure","GuiaD_Trebol01","Guia Trebol01","Guias_Despacho","2012-01-05 17:35:20GMT","","63","0","","0","0","3756","65","2","c59e2b71e1d91c349dca16d9d5b2fa2feac5aec10045542525a00248f953bf09",""
"Procedure","GuiaD_vina01","Guia de Despacho 01","Guias_Despacho","2016-11-18 00:02:14GMT","","33","0","","0","0","2483","65","2","0cee6d1909e116987e7dffd166ca1f87737eb1698263c55e16be3396faf52ff5",""
"Procedure","GuiaDCli_FC_LV","Guia Despacho Clientes Fruta Comercial","Guias_Despacho","2016-11-18 00:13:08GMT","","35","0","","0","0","1618","51","3","d0295c1b6bd31b76916662b6fc6dc74dcdb0732a0272bfb93aeae54828506f16",""
"Procedure","GuiaOrigen_LV","Guia Origen_ LV","Guias_Despacho","2011-11-20 04:36:54GMT","","33","0","","0","0","2205","116","4","6a4ca6b248e5ab5cf861b67ffe29d5763fcc362ef0fe95140be540986d27d9af",""
"Procedure","GuiaOrigen_LVCal","Guia Origen_ LVCal","Guias_Despacho","2011-11-27 23:47:06GMT","","36","0","","0","0","2279","116","4","943bd802aa502825e6611501a3fe4c6bc55ee32ea12870eac828b91706792c03",""
"Procedure","Imp_FactuANA","Factura Santa Ana","Factura","2011-12-07 14:00:50GMT","","32","0","","0","0","1703","50","5","66262166bad0f45f54b45065b3f845aa69a5a2cc9792cd366829475d5a2447b2",""
"Procedure","Imp_FactuVINA","Factura la Vina","Factura","2016-09-22 22:02:50GMT","","31","0","","0","0","1700","50","5","47ce00b0553adb9980ba755291ddba595ce57e87c8248461eaef0fe7d4b70b9c",""
"Procedure","Impi_Etiquetas","Etiqueta Caja Vina","ETIQUETAS","2016-11-03 17:32:56GMT","","46","0","","0","0","6595","91","5","052e025c9e975ec4e32666853903376f1a7eefb09a42e76507475580aec6e579",""
"Procedure","Iniciar","Iniciar","Menus","2004-06-17 16:38:06GMT","","7","0","","0","0","42","0","0","2ecc5886d26d3eaa60232e65253667b8e4bb5da59a727231d2f30617df34c5a8",""
"Procedure","INSCajasProc","INSERTA Cajas","CapturaCajas","2015-10-01 15:52:18GMT","","30","0","","0","0","1308","112","1","fb55b8dac6d2ab0577473710c35ca5543de90331f4f8c5200d74400ec1f11bef",""
"Procedure","InsComunas","Inserta Comunas","Despachos","2010-05-12 14:11:38GMT","","13","0","","0","0","228","56","0","e56ea4b937b979198a58ca995657bd9df234632c6cbd8a77957d7929605fa388",""
"Procedure","InsdespComer","Inserta despacho Comercial","Despachos_Varios","2011-11-10 01:36:06GMT","","17","0","","0","0","739","85","0","b8868ce0c9939dd50b8e8a3234910554355ac0049858a7ce7fb037a23e366a0b",""
"Procedure","LeeCajasD","Lee Cajas D","Cajas_Leidas","2009-10-09 19:24:08GMT","","20","0","","0","0","530","53","3","662102c7afc3004e5a9de07f1101e98bce8e472bce020ea8f37a4dcb73b32300",""
"Procedure","LineaEmbalaje","Linea Embalaje","","2015-10-09 19:59:04GMT","","10","0","","0","0","185","24","0","10c56c3183fb561b22ea3e0900ca319e2cdd51650f51389fe703174a795cc7d4",""
"Procedure","MarcaPreFactura","Marca Pre Factura","Factura","2011-11-23 19:51:44GMT","","10","0","","0","0","249","55","0","124a40a8da46b059270fae0918d1941bde893d4912d4095f9d3d6e6d6a80d98a",""
"Procedure","ModiOrdProc","Modifica Orden Proceso","Orden_Proceso","2009-09-28 21:25:50GMT","","18","0","","0","0","227","76","0","538f1dcd5924537124c67b4f5cb5a2b8d8b398ac63d33a8f099014b1d1b83adc",""
"Procedure","MontoEscrito","Monto Escrito","Proce_General","2006-07-24 02:07:54GMT","","27","0","","0","0","3255","25","0","c5a2ee0f553b295d7e75eb56778088c5722dd6af0336fc6f7b3ec74b659e014c",""
"Procedure","PackingExcel","Packing Excel","Packing_List","2011-01-21 20:56:46GMT","","32","0","","0","0","7260","46","1","6233dde388c611c6988eaa88b266b2619195890e8c616dabc297aa3249ed2051",""
"Procedure","PackingExcelUS","Packing Excel US","Packing_List","2008-02-28 21:30:54GMT","","38","0","","0","0","8281","46","1","83d3a9ba2bcff9cffff36e144d196ea3c58c81b88ca8fa9741c55256fe344df9",""
"Procedure","ParEmp","Parametros Empresa","Proce_General","2008-02-12 20:42:12GMT","","9","0","","0","0","77","26","0","32ae6e1b2dc32c7296aab8d6ab8bf3fef7d518cfb5d40b1d9c03ca0bf7a32d18",""
"Procedure","PImp_FacEXPXML","Factura Exportacion","Factura","2016-12-21 18:40:34GMT","","108","0","","0","0","16615","74","3","26fd79391aaab40eb00bfbd8ddc874460b796269f95bb37fc51f1fe2626e78c3",""
"Procedure","PImp_FacXML","Xml efact","Factura","2016-12-21 12:49:18GMT","","108","0","","0","0","10408","75","2","07cafdcc93f119efdcfecadb0e41007d4321e682d11101e0d014f5c4e76cbaa5",""
"Procedure","PImp_GuiaXML","Xml Eguia","Guias_Despacho","2016-12-29 15:33:54GMT","","96","0","","0","0","19904","62","2","e6241b9fb9bb36af315bd531f0ff67b05eccf05eea939eeef0de8508d16da025",""
"Procedure","PImp_NCreditoEXPxml","Nota Credito Exportacion","Factura","2016-12-21 18:40:30GMT","","107","0","","0","0","14518","74","3","941cb5e5003fee1190c9f8df243ce6ec3a449404aac529475113c738bfc8f55c",""
"Procedure","PImp_NCreditoxml","Nota Credito Nacional","Factura","2016-12-18 15:30:34GMT","","107","0","","0","0","14800","74","3","88aa69be1703585bede9aa2a160ce6e7242bfcd15724b295854e75f8f4547ca6",""
"Procedure","PImp_NDebitoEXPxml","Nota Debito Exportacion","Factura","2016-12-20 17:16:38GMT","","107","0","","0","0","15017","74","3","639b9365bdeb5a7e5826f0491c780ee0b9d2a41eb12b8cbeac44f96636817f61",""
"Procedure","PImp_NDebitoxml","Nota Debito Nacional","Factura","2016-12-20 15:51:42GMT","","107","0","","0","0","15107","74","3","cd347dc91158315bf567e189065a4a993a6cb3bd42e158436ac661bac3b4f1a0",""
"Procedure","PlaniDSAG_PRC","Planilla Despacho SAG","Despachos","2012-11-12 02:02:08GMT","","45","0","","0","0","2758","47","0","e5e29dc27ac7f2ba695af4047c9e9f683c8ff40219b14de029bbabaef525fc47",""
"Procedure","PTraeCorDM","PTrae Cor DM","Despachos","2011-12-03 03:21:24GMT","","8","0","","0","0","120","57","0","34b2a2f194c07949b27fd0f542a145e3dd350102a91e14a53db5883c9acdcbe2",""
"Procedure","RangoCajas","Rango Cajas","Inspecciones","2007-05-11 20:37:50GMT","","16","0","","0","0","767","64","0","2430a7c8ffa4fe9f57016b82737a133b37e1773d891b43df12e5a00c4065d521",""
"Procedure","REIGuiaD_vina01","Guia de Despacho 01","Guias_Despacho","2011-11-28 03:49:22GMT","","33","0","","0","0","1020","65","1","80000a4ff0575963761cf0685409a6c0149ab0f27f22a24a6b1256be160b6ee2",""
"Procedure","RepEliFol","Elimina folio de repaletizaje","Repaletizaje","2007-05-17 16:10:22GMT","","21","0","","0","0","1608","62","0","192706f116a8da815d4dd2b11ae1f2cc678787bfd8cc65ad38211d29e23ef73e",""
"Procedure","RepEliFol_FR","Elimina folio de repaletizaje","Ingreso_de_Folios","2008-02-20 16:34:58GMT","","22","0","","0","0","1607","66","0","6e15a2d57e471847aeb68b88e26c6695df7521d201be868b4502c86b25f65a2f",""
"Procedure","Report","Report","Estilos","2007-12-01 03:41:58GMT","","13","0","","0","0","255","0","0","16773427a523f47a749a7a6b3ffec211446dac0bc53063177b0b8f94267bbd6c",""
"Procedure","Rollback","Rollback","Proce_General","2007-07-25 21:57:10GMT","","7","0","","0","0","9","0","0","290d8b7f6a57dd2d01b27a6d89adb1f541ea193e4a6cb39856c91223c864bb7a",""
"Procedure","RptCajaXLinea","cajas por linea","LecturaCajas","2015-11-15 18:47:56GMT","","19","0","","0","0","796","24","0","d498bd901c527d6e9919ae0c971b0e7d98e93fb3b63fc5b99f3a2a8c5393dc4d",""
"Procedure","Solicit01","Caratula de Solicitud","Inspecciones","2012-11-12 23:22:20GMT","","36","0","","0","0","2465","42","0","d228942fd8a0031f5bc6bdd7f3995d046930cd898a0dcaae14a5a27a6f745a05",""
"Procedure","Solicit01CU","Caratula Solicitud - Cuarteles","Inspecciones","2011-02-26 01:46:34GMT","","39","0","","0","0","3030","42","0","f7436f86db66955324ebe8c7992c32a088a5e13feac5a6198c9901f02e9d494d",""
"Procedure","Solicit02","Detalle Solicitud","Inspecciones","2012-11-16 14:20:10GMT","","26","0","","0","0","1213","70","2","ac73bafe0beeb127d1c3b6d81bd6cf17fc7e8a367e54a0a489fb535390795780",""
"Procedure","Solicit03","Detalle Solicitud","Inspecciones","2009-01-07 17:27:18GMT","","23","0","","0","0","1114","60","0","8d067d044125eeaae5c6a1da8f226f9234ed0708c03646980d746de3afe445b9",""
"Procedure","SolicitCU","Detalle Solicitud - Cuarteles","Inspecciones","2011-02-26 01:44:02GMT","","28","0","","0","0","1389","70","0","ca8152ffd58c7b7e9571d90277f026acebd5d932143a30416a812174238fbec2",""
"Procedure","sonido","sonido","Paletizado","2011-09-30 19:36:18GMT","","8","0","","0","0","112","17","0","5a4816e39891e80b0f9fc10c829cb105e91a93aa314087816614969d0245047a",""
"Procedure","ST_Prod1","ST x Producto 1","Stock","2005-11-28 15:05:14GMT","","31","0","","0","0","2078","95","0","2a7ec0012f714addff9428d80060d441cee8f9314818dffa71b0588522d35fb7",""
"Procedure","SubeFoliosExcel","Sube Folios Excel","Ingreso_de_Folios","2015-01-28 22:33:42GMT","","49","0","","0","0","5050","26","4","3080860a3d9b33a4b08bd34eeb72a8e7a417a50f489344aacb54237b4d66f2b3",""
"Procedure","SubHorario","Sub Horario","TM","2009-06-08 16:04:42GMT","","21","0","","0","0","2661","13","1","2c9266a568128a659252d816d225ecd299d4016cd4cca93ed0840d6fa8d87f5c",""
"Procedure","SubPHTP","Sub PHTP","TM","2009-06-08 20:40:58GMT","","35","0","","0","0","3630","13","1","b1ab046f8fcbd12e23917d72c8612542fec9e2479c34df95db081f2c8ff4fea2",""
"Procedure","SumaCajaFol","Suma Caja Folios","Ingreso_de_Folios","2014-01-22 18:22:28GMT","","9","0","","0","0","126","59","0","3756cb7ddf03afe3becd5f775951d79b82ded87143117e76ead58d9463a7d8ba",""
"Procedure","SumaCajasTDG","Suma Cajas Totales DG","Diagrama","2012-12-08 20:23:18GMT","","9","0","","0","0","226","32","0","e80c16b784ac4e35db41978ee6b30d49b9c1a56b7dd11130a79df937a3b07564",""
"Procedure","SumaFact","Suma Fact","Factura","2011-12-07 01:08:06GMT","","7","0","","0","0","111","0","0","9a92b8e44a926656576139ad531359dc3c2c193ef60c6a0a4dd3b39bed958e80",""
"Procedure","SumCajDG","Sum Caja Diagrama","Diagrama","2012-12-08 19:58:20GMT","","9","0","","0","0","126","62","0","0fae28fc24570f11acb2fe45784921d8e795de60d5a7be7b4e82c0325c8f285e",""
"Procedure","SumDetGuia","Sum Det Guia","Guias_Despacho","2011-11-23 01:02:58GMT","","13","0","","0","0","426","39","0","9b6283a0cf1356dc45eab04d026aad242c867287f6233c89206cd04d3a88c141",""
"Procedure","SumDetRecep","Suma Detalle Recepcion","Ingresos","2012-12-07 01:04:58GMT","","10","0","","0","0","375","58","0","0ba67483cc24353984811ad0e241da17bdc5a02ecdd9f9ac557bbc25f7a0a6ed",""
"Procedure","SUMLotes","SUMA Lotes","Orden_Proceso","2009-09-01 23:59:02GMT","","12","0","","0","0","388","35","0","79cb15e5c507432a2ece238e6e7c78be6964b5271c74522d10e32eed5292f166",""
"Procedure","TraeCodEspe","Trae Codigo Especie","Proce_General","2007-05-22 18:59:40GMT","","10","0","","0","0","115","34","0","2f6639da304456ef0730596d1a46abc26f021811be98612569c70fa7cf52aa22",""
"Procedure","TraeConf","Trae Configuracion","ConfiguracionLineas","2014-11-05 03:27:32GMT","","16","0","","0","0","571","88","0","4323757292726b7aa42318cd898f3f6d92f23182492193f73172eeeb929e2923",""
"Procedure","TraeCor","TraeCor","Proce_General","2009-08-19 04:59:08GMT","","14","0","","0","0","952","96","0","5e3b7cd870327b343b59ba7de7ea197c5f126f2f7e138db83413b765057ad47e",""
"Procedure","TraeCorFolio","Trae Correlativo Folio Procesado","Ingreso_de_Folios","2007-05-11 19:15:56GMT","","20","0","","0","0","223","49","0","d31ce6660dce3068aeb6fbe4bade7cbf1f21c796b997e643b1b9df1943926b57",""
"Procedure","TraeCorrDG","Trae Corr DiaGrama","Diagrama","2012-12-08 17:41:36GMT","","8","0","","0","0","118","44","0","de2cdcfea4851112fd78bb523a4e46242bd42b43f7707424687f0899f3d188fb",""
"Procedure","TraeCorrFactura","Trae Corr Factura","Factura","2016-12-20 01:38:16GMT","","13","0","","0","0","432","59","0","02896a6749c8e9354d519a1af0d4d325166459a688e7f607882241db9a0f3771",""
"Procedure","TraeCorrGuia","Trae Corr Guia","Guias_Despacho","2010-12-06 01:59:24GMT","","11","0","","0","0","289","48","0","0291c8311e1314c96590e8f5c51cc51beb9b97b99c7dd9d08cf488f0c4c7663b",""
"Procedure","TraeCorrSol","Trae Correlativo Solicitud","Inspecciones","2007-05-03 19:06:30GMT","","11","0","","0","0","181","0","0","06a77202803d7d47d3464bb81617ffd53bd93f87952cb3a288a1f2514a39362d",""
"Procedure","TraeDatosFolio","Trae Datos Folio","Inspecciones","2005-11-18 16:58:52GMT","","15","0","","0","0","606","73","0","1667f47a719737b53a55067dad3274cc53e5e737a4c052a7e85d9e84b6c9aeef",""
"Procedure","TraeDatosLote","Trae Datos Lote","Ingreso_de_Folios","2005-12-01 21:42:28GMT","","14","0","","0","0","258","69","0","b35c4dc4b627dc0349be5f06285db3194e56b7c4a66f11f23cea6d4f6141d60b",""
"Procedure","TraeEstLinea","Trae Est Linea","ConfiguracionLineas","2014-11-05 03:46:38GMT","","17","0","","0","0","175","170","0","4365a582e6faefd9c7dbf00b3b55f5506eea4a93686eac2d524f77e154cd41c2",""
"Procedure","TraeKilosB","Trae Kilos Alex","Packing_List","2016-11-22 15:18:42GMT","","15","0","","0","0","225","50","1","fa8da7ed3f64cd01cdf5afba4602f75c5a08fd332322242c41154324341a49d9",""
"Procedure","TraenomEmisor","Traenom Emisor","Guias_Despacho","2011-10-24 03:22:10GMT","","8","0","","0","0","50","23","0","bcc3a209492a4bf2a0b59ec871be11ee13c99cb1f9deceaec869022415fe6918",""
"Procedure","TraeNomProductor","Trae Nom Productor","Ingresos","2014-11-02 23:23:22GMT","","8","0","","0","0","73","33","0","e5b8ee642efcda27661ba26ad9f7d50c0fcfad8a5d6201afcaeb7fb6d10d1901",""
"Procedure","TraeNSeg","Trae Nivel de Seguridad","Proce_General","2003-08-16 17:21:58GMT","","8","0","","0","0","96","26","0","37462194dcecd78732df0dc1284fd512f21222bb44077a33c4345f50577d0061",""
"Procedure","TraeNumSol","Trae Numero Solicitud","Inspecciones","2011-01-14 14:11:28GMT","","11","0","","0","0","152","60","0","6cf80fdd3697af8ffcad20091b39772e9e4d3cf5de971aac15898c87683d1219",""
"Procedure","TraeNumSolInt","Trae Numero Solicitud","Inspecciones","2010-12-14 12:38:16GMT","","11","0","","0","0","152","47","0","5f80ba5af804ea6076c56fb30bc49843adb9707e2b512ac70c045d2c83e8f211",""
"Procedure","TraeParametro","Trae Parametro","Maestros","2015-01-22 02:58:58GMT","","15","0","","0","0","422","97","0","1facc2b7e4886af85e170c4dcbf6fd55de9030ddc901a4037bb37700e008f7fd",""
"Procedure","TraeParametro2","Trae Parametro2","Maestros","2012-12-10 21:54:04GMT","","15","0","","0","0","329","97","0","c10c48b20a641b3e53fb7d517ac7a9a6b813cf8236b634e3d683c4262d7e30cd",""
"Procedure","TraePeso","TraePeso","Ingresos","2005-11-16 19:52:06GMT","","9","0","","0","0","131","46","0","ea8049c4f420e5cced57b2f08c01222a62cfed1b72a37b99a59cb1958ba1ca73",""
"Procedure","TraePesoB","TraePeso","Ingresos","2016-11-14 17:48:28GMT","","10","0","","0","0","127","44","0","a048d9ded4e3337361d34ad2d5bd705aa3c311c9abed11a6b5c79c738428f742",""
"Procedure","TraePrecio","Trae Precio","Factura","2011-11-28 04:49:24GMT","","10","0","","0","0","218","78","0","8768e5030eaccb12c8c33c27950b9c4a3e53ac4972c60faa725f3c58fd138a41",""
"Procedure","TraeSDP","Trae SDP","Maestros","2012-11-12 03:42:48GMT","","10","0","","0","0","130","40","0","518f0252ed9dc38bc84896db92694843096b8eaeaa7d9e6ef16f938338790b5a",""
"Procedure","TraeTemp","Trae Temporada","Proce_General","2007-05-11 16:33:04GMT","","9","0","","0","0","141","26","0","a921ba912c3c5bc47ce857b6c39b5da1ce33dcc143e9e7522035d1372c446c75",""
"Procedure","TraeValorMoneda","Trae Valor Moneda","Maestros","2011-11-27 20:47:40GMT","","10","0","","0","0","116","33","0","b8a66f252453f57f5e6b6669e52133022ec256c9ebb1558a4cad719e03256e72",""
"Procedure","UPDCajasProc","INSERTA Cajas","CapturaCajas","2015-09-29 14:02:24GMT","","30","0","","0","0","1255","123","1","2dea9dc61577c105490ce7091330ddef3d1bdd83079fb49c15b36b0e5214e6a1",""
"Procedure","VA","Ver Acceso","Seguridad","2009-08-11 15:23:28GMT","","15","0","","0","0","1286","52","0","7a787e0b47a5c8026130ae7e47e671e50c8ce698f9b82d0fe2843b89613f43cd",""
"Procedure","VA2","Ver Acceso","Seguridad","2008-10-29 03:38:20GMT","","16","0","","0","0","303","64","0","3632e976daf192ad535087d44f689fcc91f5363ecfdaad9b01f619b59bfa4d13",""
"Procedure","ValPuerto","Val Puerto","Despachos","2007-05-23 16:10:06GMT","","9","0","","0","0","85","23","0","bc2fc6e5221d7967b5c115b89aa2c1d5828ab36729d7b7657159d69a9288c16c",""
"Procedure","ValRutXML","Valida Rut XML","","2016-11-14 13:05:52GMT","","13","0","","0","0","328","25","1","18e42fbc5278e81400c28fccf9ed16c1cbd3dab19a9292e4c82a2ecd1fbe2a75",""
"Procedure","VeriFolio","Trae Correlativo Folio Procesado","Ingreso_de_Folios","2007-05-11 19:18:42GMT","","20","0","","0","0","413","97","0","e61de83954458664e19729669b433abfc646eede3c106b4879c9c45816d8aaa5",""
"Procedure","VeriFolioCuar","Trae Correlativo Folio Procesado","Ingreso_de_Folios","2011-02-08 17:55:14GMT","","21","0","","0","0","450","108","0","495eb306423cc21b0786683835eb5a92d26c988f0ac5e85206480fa34c8403f0",""
"Procedure","VeriLicencia","Veri Licencia","Seguridad","2015-01-24 15:27:54GMT","","8","0","","0","0","127","17","0","b44fc28c4705f5f33943601c6bb58df6a6e5a532de33b4085ff0ed3440a10634",""
"Procedure","Verirut","Verirut","Proce_General","2003-03-17 23:05:36GMT","","14","0","","0","0","434","19","0","48b1904192598187ea28888645f02638bb0b4b0f7d1f59974ac81a407cf0bfdb",""
"Procedure","VeriUsu","VeriUsu","Proce_General","2009-08-11 16:39:08GMT","","9","0","","0","0","103","32","0","e4a1a4f36d071dca0191c891f717c4b5e1970b1d5ec8fba4c6b579c966cc0fca",""
"Report","Agentes","Agentes","Maestros","2007-11-23 19:58:08GMT","","13","0","","0","0","336","15","0","eca92e9bceb31478e58c9a23b74e3333aaf2fcbb3f2d87d16645fe48514e5380",""
"Report","AnuFolios","Anulacion de Folios","Anulaciones","2010-12-28 00:20:20GMT","","26","0","","0","0","1267","78","0","fe5f6d134f137d6eee15514c9d16fe25de61cf7e01e067a772e6d2aa385f0ee1",""
"Report","AnuFolios14","Anulaciones de Folios","Anulaciones","2014-01-03 16:48:48GMT","","27","0","","0","0","1241","90","0","10527175fc1a19ce70990ac52a736adeae177c0406ed4dda696de7e26503bcbc",""
"Report","Clientes","Clientes","Maestros","2007-11-23 19:58:28GMT","","13","0","","0","0","338","15","0","65e7554b911501cc0bac5c9b936997e8cd3eafc1c35f5e4fcdf6b7d8e1ac684b",""
"Report","Consig","Consig","Maestros","2007-11-23 21:41:34GMT","","13","0","","0","0","336","15","0","3128591c53ed1f19dab3cb03d3547c194c9d2ede1cff39c03efedc0c3ae1c239",""
"Report","CopGuia","Copia Guia","Guias_Despacho","2011-11-19 19:43:08GMT","","19","0","","0","0","666","52","0","7caaaaaeafb86419f22f90360b61435400a8334d041da0e4e4c79d4fdcec2084",""
"Report","DespaXCliente","Despachado por Cliente","Consultas","2011-12-15 13:16:42GMT","","28","0","","0","0","871","86","0","3e0a1420930f2523645d39ff7e7d46753ab433ab4c583dd210ceaa74ab3fc2fe",""
"Report","DespCLI","Despachos a Clientes","Despachos_Varios","2007-10-17 21:57:28GMT","","24","0","","0","0","766","62","0","639f89f0bb9a071baf6449aa00f120bc7aa948b92fa1520ad6d740090d5e8513",""
"Report","Destinos","Destinos","Maestros","2008-12-22 18:25:52GMT","","13","0","","0","0","337","15","0","9ca02251fe3a009540998d58b85c31a05c22cadb079f7b3213d3377f9bd0b6a0",""
"Report","DesxAgente","Despachado por Agente","SAG","2007-12-01 05:16:08GMT","","37","0","","0","0","1971","73","0","2037f63c2f1c0466996247fa05afea8cd1ea16e01ecf2e716cc74f9d8af0c969",""
"Report","DesxConsig","Despacho por Consignatario","SAG","2007-12-01 05:31:10GMT","","42","0","","0","0","2624","73","0","8d63fdc61b4228a78da4ff4f8535dff68f1f57fc8e1f2853abfcd11cdf5ff560",""
"Report","DesxExport","Despachado por Exportadora","SAG","2007-12-01 03:52:58GMT","","35","0","","0","0","1915","73","0","8cb9af82f3458e8253f5c37f53bcc2a93afcca616f00f39a754ff5866e22a9af",""
"Report","DetalleUSDA","Detalle USDA","USDA","2014-03-05 15:14:16GMT","","17","0","","0","0","688","54","0","bfbe945dec8d724a968b70b54e9a7efeb43f3bdc884e83444c600f75bca5212a",""
"Report","DetFolProc","Detalle Folios Procesados","Procesos","2008-02-26 15:54:30GMT","","68","0","","0","0","6150","111","0","59bab10e274f747cf7261028de93e49cc08736d08fdaf9ada69fd41a1ded40da",""
"Report","Diagramas","Diagramas","Diagrama","2012-12-10 21:44:24GMT","","20","0","","0","0","1185","52","0","58ba80cc9bacf2f38198ee1b43d385c5b315407903a302217da395144d5067b4",""
"Report","DPlaniSAG","Detalle de Planilla SAG","Despachos","2015-01-27 13:22:26GMT","","37","0","","0","0","2271","55","0","387e7679344da65eee8d20a030ac72df31f20a9d7156cc5b9495aeccf411536a",""
"Report","DPlaniUSDA","Detalle Planilla","USDA","2013-01-23 14:17:42GMT","","40","0","","0","0","1917","68","0","a3383530c152b9f0f3da32d11348bd28463d673cad6b366219b4f56b221afabb",""
"Report","EnvCat","Envases / Categorias","Maestros","2010-12-13 20:34:18GMT","","13","0","","0","0","440","15","0","bc78ecd985bcabd47d5f97e0e1098698b4c87dab981c98eee10958ba18e6e5f8",""
"Report","Errores","Errores","Proce_General","2009-10-09 19:18:02GMT","","10","0","","0","0","259","28","0","a96aa2ff5feaf2134797f22879e6a76cb3992e3c363f41e2ab1184dd2a6f8e60",""
"Report","EspeVar","Especie / Variedad","Maestros","2008-02-13 20:11:16GMT","","13","0","","0","0","418","15","0","70f39146f93c56d5b1d715c3bfffe02f0d194ca0af60c694e863dc2e7b8ce85d",""
"Report","Exis_SAG","Existencia  SAG","SAG","2011-01-21 14:34:50GMT","","37","0","","0","0","3111","66","0","602f644e80d01f816167b853230738b308a9ef566ddad028d37c14e30075f538",""
"Report","ExisINS_R","Existencia INS_ R","SAG","2010-12-14 02:16:32GMT","","21","0","","0","0","504","65","0","b1b003741c6b889eeb9aa7435db50cde0fea98b3ed7130a57e98059aa8f70aba",""
"Report","ExisUSDA_R","Existencia USDA Resumen Folios","SAG","2007-12-22 20:32:26GMT","","24","0","","0","0","696","65","0","b0b5893f1778b790fec00bd973460db7d57ad0fba3f4fe534eecd00692a923fc",""
"Report","ExporProd","Exportadoras / Productores","Maestros","2007-11-23 14:58:16GMT","","13","0","","0","0","411","15","0","fe3c97ddc3bfd27a28751be8e4ce643b63701f47410e0e90d18877ab19c1b80f",""
"Report","Exportadoras","Exportadoras","Maestros","2007-11-23 19:59:18GMT","","13","0","","0","0","340","15","0","456690251717ffb989523c4c2ceeda9d734358e7ac5f37395a73a7f81d1a298b",""
"Report","FoliosPal","Folios Paletizados","Paletizado","2011-11-03 01:14:56GMT","","24","0","","0","0","618","83","0","4de3267beb1cefa1ffecbe181445f0ac3f5945be176dbf7f825204ec8ac003c8",""
"Report","GuiaIng1","Guia Ingreso 1","Ingresos","2009-12-03 17:50:40GMT","","18","0","","0","0","657","73","0","71c080e93dc64540b21265765834ced40533da1e48aec3efaed8f8686c9c346f",""
"Report","InfProceso01","Informe de Proceso","Orden_Proceso","2012-11-15 03:49:14GMT","","23","0","","0","0","1440","38","0","304f7e8e3336cda19a91aff7de6e3a5704d13251c86df56f92dcfa016d72a329",""
"Report","InterPL","Interplanta","Interplanta","2010-12-27 21:03:28GMT","","16","0","","0","0","503","43","0","81306508aaede6b23c45de929383664efd04541901cefe517cbad6c82cdbda55",""
"Report","ListadoRecep","Listado Recepciones","Ingresos","2011-12-02 21:08:30GMT","","21","0","","0","0","716","59","0","f5f390c6685691546dbbb864ae646c257afe7ba75919a464768c2906f4c3ea0a",""
"Report","Packing01","Packing01","Packing_List","2012-11-13 00:22:38GMT","","25","0","","0","0","1644","57","1","d33bcf95be59486ae2e1d0b9917bb4353ac1144dd031bf1469bf096129b4a7f2",""
"Report","Packing01_OT","Packing01 Clientes","Packing_List","2011-11-20 04:03:38GMT","","39","0","","0","0","2355","57","1","40a117e480c86affc540eba991b06d9a671ede984d78c556121ceef26f5d57a5",""
"Report","Packing01_PDF","Packing01_ PDF","Packing_List","2007-08-03 15:12:26GMT","","25","0","","0","0","1625","76","1","a4936aa28a49b610fa8319802338c52703bf8882fdd12428cf0ecf7092028738",""
"Report","Packing02","Packing02","Packing_List","2008-02-28 20:48:12GMT","","23","0","","0","0","1063","60","1","e1fec3a928c6c25d8de5418a8e33c31b356c1db18007f89037aacc467f05e98a",""
"Report","Packing02US","Packing02 US","Packing_List","2008-02-28 21:26:18GMT","","31","0","","0","0","2370","57","1","b88acd4ae975b8c9751dc949c5498c94ba8b79becc82055baacfcaf97792b84d",""
"Report","Packing03US","Packing03 US","Packing_List","2008-02-28 20:47:20GMT","","23","0","","0","0","1064","60","1","b13d3e5a2313c3878dbdaea7863f771588b9bc89a1aa3dcc31aed6398ff7b1d2",""
"Report","PlaniDiagrama","Planilla Diagrama","Diagrama","2012-12-10 21:48:24GMT","","21","0","","0","0","1120","45","0","78196393761805120dce245f3d4cd1fafb7c0754cbbd2250a91da1b310eb9c2b",""
"Report","PlaniDSAG","Plani DSAG andres","Despachos","2015-01-24 16:58:50GMT","","60","0","","0","0","3902","47","1","8b6091caf95e9b96c7d7037e9f13ab359164b23e5df8ac8f1162250b4eeb6a53",""
"Report","PlaniDSAGOLD","Planilla Despacho SAG","Despachos","2015-01-21 14:26:06GMT","","50","0","","0","0","3398","47","0","7a20dd8c8146b6ae97446c49c1719110480a93e6ef90831b811eeedd66d847fd",""
"Report","PlaniDUS","Planilla DUS","USDA","2012-11-12 03:33:22GMT","","48","0","","0","0","2631","60","0","346098f63dafc48cce54f53df93111dfb48233da017d8c8d70918e4511a16356",""
"Report","PlaniMSAG","Planilla Manual SAG old","Despachos","2015-01-21 14:25:58GMT","","54","0","","0","0","3183","59","0","dc33f11056237397f2d9909f686bd7ef0afb4520f80b18a7c2565c22bc68d638",""
"Report","ProcesosUSDA","Procesos USDA","USDA","2007-12-20 22:43:28GMT","","17","0","","0","0","537","54","0","515049245248451f4684bc5aa415fdbb5f45701c7e5414144cc8ca9e8f2339ef",""
"Report","Productores","Productores","Maestros","2007-11-23 20:00:02GMT","","13","0","","0","0","360","15","0","a41f817b4d7e5e92eadac28ecc65333557d04f07b3b90950a457e6b50cbfdeea",""
"Report","Puertos","Puertos","Maestros","2008-02-14 21:04:40GMT","","14","0","","0","0","390","15","0","20e059215bd95e7fa12bb14ca6c83a4de53100d018518c5657ffd36a98fc8ae1",""
"Report","RDInfoProd","Rept Det Informe Produccion","Procesos","2012-11-06 03:32:00GMT","","26","0","","0","0","906","43","0","171c639aa0eba5a07e7729479bad34ff27238945f8b7acc1744a5c252e3f7fcc",""
"Report","Repa","Repaletizaje","Repaletizaje","2011-01-14 13:05:04GMT","","35","0","","0","0","1856","59","1","37105adc777ca12717899b0cc45a884b53317ed62e28d88cda79473a2f7e33ff",""
"Report","Repa_RF","Repa Sin Inspeccion","Ingreso_de_Folios","2008-02-26 15:17:50GMT","","23","0","","0","0","890","59","0","b6e3fe5cd05a9939743e4c94eb5293de52115717c80fb5f7cd83ded3dc5d91ca",""
"Report","RepaV2","Repaletizaje","Repaletizaje","2014-01-03 17:15:12GMT","","37","0","","0","0","2077","71","1","cb5c0c74b476c00fdd5326f160a5733a0284a8378f42750868f37f11ea5ef6e6",""
"Report","RFrutCom","Rrporte Fruta Comercial","Procesos","2012-11-04 16:46:36GMT","","34","0","","0","0","813","58","0","e22f8f9aa879336c7a850f57a8fb93774ecff4211700effa45fbaf3182863cfc",""
"Report","RInfoProd","Reporte Infone Produccion","Procesos","2012-12-10 03:51:46GMT","","39","0","","0","0","1679","46","0","2608eed85bb0502e4039b5dc641d67b9fa8dd4daf99ae972848425479e4763ff",""
"Report","RRecepFrut","Reporte Recepcion de Fruta","Recepciones","2012-12-07 02:34:00GMT","","39","0","","0","0","1409","103","0","47bcf1d9638e5bbf2d5bc30d3a203310da1867c185b188739381141d4db3b876",""
"Report","Solicit1","Solicitud1","Inspecciones","2007-10-27 03:21:06GMT","","79","0","","0","0","1428","14","0","63dd7c9ac36aea9f4b9df39234de4e7f8b121dc803171fa879814a80f2fa6c49",""
"Report","TipAlt","Tipo de Altura","Exportadora","2008-02-08 19:45:14GMT","","13","0","","0","0","349","15","0","1916019363ae798029d8a0cc2608e9fbf299f0fa45946683d1cb84783adcc54d",""
"Report","TipBPa","Tipos Base de Pallet","Exportadora","2008-02-08 19:54:12GMT","","13","0","","0","0","354","15","0","194972546e29738c2b4d5cdccd47887a3087716e6a8e18c0b3622d6da43a9c31",""
"Report","TipEti","Tipos de Etiquetas","Exportadora","2008-02-08 19:33:32GMT","","13","0","","0","0","352","15","0","0c015d0401be0263734de7bbf403ed494353871eba2e3fe2764b919699ad6816",""
"Table","Agentes","Agentes","","","76","0","2","EmpCod | AgeCod","2","0","0","0","0","4807105c0b8701ec3b7bf104c651ce6360d960ea347eb7e558d6d1ed4db93e9c",""
"Table","AnuINS","Anulaciones","","","144","0","3","EmpCod | TempCod | ANUFolio","4","0","0","0","0","ded52c120a154ec8d8bcf147013d8fe5f8ab6adada435b5b08e04b93137b7582",""
"Table","Asig","Asig","","","176","0","4","GECODEMP | AsigUsu | SistCod | AsigMod","2","0","0","0","0","199e07a4d84a035a2821205eed72595e9d24deec538514ecec5f649b5defe15a",""
"Table","AsigProg","AsigProg","","","168","0","5","GECODEMP | UsuLogin | SistCod | Modcod | ProgCod","3","0","0","0","0","51dc9fd745998c6186daf990f0d064a242c8508711187a4092eb7e129bab8fab",""
"Table","AsigProg1","AsigProg1","","","169","0","6","GECODEMP | UsuLogin | SistCod | Modcod | ProgCod | ProgOPCod","3","0","0","0","0","49a9781dfcfbf32d34e55ec69cc2b383543548b1ffb19d3856f8a2b90de85874",""
"Table","AsigSist","AsigSist","","","170","0","3","GECODEMP | AsgSisLogin | SistCod","2","0","0","0","0","a13dba5c8a0fb92e6770888ea7951657536d8c1b7315a8bc2a491d70be10fe98",""
"Table","Calibres","Calibres","","","77","0","3","EmpCod | Especod | Calibre","2","0","0","0","0","baa23d23de32bb3b9c427e9a3fcde01809474d41f7a1ba4fadd032ec0ea8cf7a",""
"Table","CAP001","CAP001","","","182","0","3","EmpCod | TempCod | CAPCOD","10","0","0","0","0","fe50a335965d0f48cc704fa0bc4c5ad18a5ecff114797c89dbcef93990969ba5",""
"Table","CausaAnul","Causales de Anulacion","","","142","0","1","CAnCod","1","0","0","0","0","d469a2402cc7e0fa5dd85542fb0f931318d8c09fb17c3db9b7e51f41593ca6d6",""
"Table","Clientes","Clientes","","","78","0","2","EmpCod | CliCod","2","0","0","0","0","34154741db92e0ed548e489cf78472fa9559a9e5882339949bda29ca0c4a3d27",""
"Table","cntfolios","cntfolios","","","194","0","3","EmpCod | TempCod | cntFolio","3","0","0","0","0","eb183e2ec61ec457fd72dad2b4d5c1fe3fd57a01a8bbe4930a7fefbd2abe4518",""
"Table","Comunas","Comunas","","","158","0","1","ComCod","1","0","0","0","0","f17df646cb82e0e12d2f6bac82867849cd0a1c73230d3d9b1a55c985ca3e4de9",""
"Table","Condicion","Condicion","","","30","0","1","ConCod","1","0","0","0","0","dcf3cefe3841b2c9d2f0485374b5c73ceb61584feeb634c4cd9181d29db3ae6d",""
"Table","ConfigEti","Conf. Etiquetas","","","183","0","3","EmpCod | ConfCod | ConfLinea","2","0","0","0","0","bbf81edec816b96e6e8e48dda0e40d1e2d5c1f62f5a9ecdf0beb8179f891b58c",""
"Table","Consig","Consignatarios","","","79","0","2","EmpCod | ConsCod","2","0","0","0","0","9bf00df2e1b541f13fd2019c6da9b3bdeca5f48a2b13c45b4044d0e5e7ad6342",""
"Table","DATMP","DATMP","","","210","0","3","EmpCod | TempCod | DMPPlani","5","0","0","0","0","92a4558aa9bb7edb76a9201270772e2b7ebdba10287f6e643c10d67c203559eb",""
"Table","DefEmp","Empresas","","","3","0","1","EmpCod","1","0","0","0","0","bdfc9f6dd574f689a151cb3519e4ebe5624f74354570468695cae2f7e06a390f",""
"Table","DesCli_FP","Despachos a Clientes","","","145","0","3","EmpCod | TempCod | DesOTNumI","3","0","0","0","0","136387b00b624ae493733e5b5778febe403977d293b06367643bc2935e5580c1",""
"Table","DesCli_FP1","Detalle Despachos de Clientes","","","146","0","4","EmpCod | TempCod | DesOTNumI | DesOT1Cor","3","0","0","0","0","49b0c7a2486ea5f84e29d478d6fab0957c6a71055eeb2a75263b9d58291c92ed",""
"Table","DesManual","DesManual","","","208","0","4","EmpCod | TempCod | DMATipPlani | DMANum","9","0","0","0","0","55d5580029a2295f434f34a783202e222c3d3a16a25bd4ef2ff3699fabe452c2",""
"Table","DesManual1","DesManual1","","","209","0","5","EmpCod | TempCod | DMATipPlani | DMANum | DMA2Corr","5","0","0","0","0","562c3b7cc0ccbc7a8a7c8a8e9c0d95b5a2828cff7d645038461a93cbc65f1d20",""
"Table","DesOrigen","Despachos SAG","","","134","0","4","EmpCod | TempCod | DorTipPlani | DORNum","11","0","0","0","0","47b68331f6b1d5e8027049ba74893fd6946394ff619a73b466a7cd130fd256ca",""
"Table","DesOrigen1","Detalle de Folios Planilla","","","137","0","5","EmpCod | TempCod | DorTipPlani | DORNum | dor1Folio","3","0","0","0","0","53df7eb144dbf2bf9329f0cebe695e361d90fe9f6e6ba4c112b56b8e9410f2af",""
"Table","DesOrigen2","Detalle de Folios Despachados","","","138","0","6","EmpCod | TempCod | DorTipPlani | DORNum | dor1Folio | Dor2Corr","9","0","0","0","0","6eea6eafa666bb65f4ecefb03af23c65d3006eba0dfdfe9932ca47ea879df3e0",""
"Table","DespaAuto","Despachadores","","","136","0","2","EmpCod | DACod","2","0","0","0","0","be5e5b96057a68054bc7d429650d8e1fceb65a402cbdd11d52a2c9f812524640",""
"Table","DespCajS","DespCajS","","","185","0","4","EmpCod | CliCod | TdCod | DCSDesp","4","0","0","0","0","ab3649a2036e4f1cd70ab94d5761952eb649f4063f45d0fa9583add7b5315e1b",""
"Table","Destinos","Destinos","","","19","0","1","DestCod","2","0","0","0","0","64a7f4f4118ed3c1ad73799b810cfe110c93fefc5834d0d102234fc0b839b29b",""
"Table","DestMP","DestMP","","","161","0","1","DesMPCod","1","0","0","0","0","1f29ad51f287d6b98ae3306ee121c916029e86d742c42b37560a84812fdecdf6",""
"Table","EnvCat","Envases","","","80","0","2","EmpCod | EnvCod","3","0","0","0","0","108a910726787621af3584a72b2b152265cf39e9cbdca46796c1eef5422810b9",""
"Table","EnvCat1","Categorias","","","81","0","3","EmpCod | EnvCod | Catcod","2","0","0","0","0","fbefe730a40eb547fec4ba6c4519f2954403491173a8614e53a302b886af6007",""
"Table","EnvMP","EnvMP","","","160","0","1","ENMTCod","1","0","0","0","0","9f56d50d394f33e0f50dcfaef1fea8f4d6a059ea836237b9228daa80b76fd91c",""
"Table","Especies","Especies","","","82","0","2","EmpCod | Especod","3","0","0","0","0","f8cc8dcacd93123abcfa33f2b57e24283bbdb04f97262660f7a63798f1a9e468",""
"Table","Especies1","Variedad","","","83","0","3","EmpCod | Especod | VarCod","2","0","0","0","0","bc4766a4cc9839be476dacbdd23278574852777370735d92cf43e9a97ad32d55",""
"Table","ETIXCal","Etiquetas de por Calibre-Proceso","","","202","0","4","EmpCod | TempCod | Ordpnum | Calibre","2","0","0","0","0","2b9101d782d15040cbc2cddf9e7a0e0584af7eaf0a780f7fb1271b8996f921b0",""
"Table","Export1","Exportadoras","","","84","0","2","EmpCod | ExpCod","2","0","0","0","0","dd6b5992ee66d5a5fb8020cb9d12332447ff7ce702d49472aec6937b7c8c0575",""
"Table","ExpProd","Exportadora V/S Productores","","","85","0","3","EmpCod | ExpCod | ProdCod","3","0","0","0","0","176c91f472ea84ab6813f0aef80e8f65d2a9a1d43ae147eefcbd96aaf3de11a1",""
"Table","factura","factura","","","203","0","3","EmpCod | TempCod | FacNum","8","0","0","0","0","93d824fd2b127bdf1202545d7742e94549f44eefee1f56b3256da2cf10dccd7f",""
"Table","factura1","factura1","","","204","0","4","EmpCod | TempCod | FacNum | Fac1Corr","2","0","0","0","0","ae1fe79181fefa909d2f911db66698cc9c71cadf03daca9cb91ab7418d8c5bd2",""
"Table","FComercial","FComercial","","","196","0","4","EmpCod | TempCod | FCOProceso | FCONumI","5","0","0","0","0","b07d0b52d58bf2d0f0ea946c8147ddec6e2eb49761a83bdca380375734209676",""
"Table","Foldiagrama","Foldiagrama","","","214","0","3","EmpCod | TempCod | FolDNdoc","3","0","0","0","0","13f50790c436aa8357fa60525239f7d1010968b2020220e6d9f9e18ecdeb173c",""
"Table","Foldiagrama1","Foldiagrama1","","","215","0","4","EmpCod | TempCod | FolDNdoc | FolD1Corr","3","0","0","0","0","0fb5ed5060e2490fbc4885d53ae20acb7ade029eec7b47ccfeefb35f0a3bbcce",""
"Table","FoliosProc","Folios Procesados","","","132","0","3","EmpCod | TempCod | FPFolio","7","0","0","0","0","b7ed49ff1830c300a55b9d3e15a69e37794149cdea2197c470ac347b82f2963d",""
"Table","FoliosProc1","Detalle de Folios Procesados","","","133","0","5","EmpCod | TempCod | FPFolio | FP2NProc | FP2Cor","13","0","0","0","0","574e6fb5e42b71bf189cb5e18357c8f76e079b9a79a13deb4f1518fb6556d7d5",""
"Table","Gen_ETIXCal","Grupos de Etiquetas","","","200","0","3","EmpCod | GETxCCodigo | Especod","2","0","0","0","0","e0edd48d49a4676f6c89ca6db61e435e00fa997b7c31e06a26cb46f5dc1ed5af",""
"Table","Gen_ETIXCal1","Grupos Etiquetas por Calibre","","","201","0","4","EmpCod | GETxCCodigo | Especod | Calibre","3","0","0","0","0","4a5862394687cd8b52f7d6087848b5d4699ba86fcc9bc518aaaa44a83f0a85b4",""
"Table","GenCor","GenCor","","","86","0","2","EmpCod | GenCod","2","0","0","0","0","ecf820bebd3f0196970632e11c2b5739d23385d9edbf3b7f1bf1289393e5026b",""
"Table","GuiasD","Guias de Despacho","","","187","0","3","EmpCod | TempCod | GuiNumInt","7","0","0","0","0","bb16ec00087ce7a2503f05cff45288e3cf27960ab67bc541059a864aa1dc5f93",""
"Table","GuiasD1","Detalle de Guias de Despacho","","","188","0","4","EmpCod | TempCod | GuiNumInt | Gui1Corr","4","0","0","0","0","020401a2b09f96ce99e038965c4575b8fb94f34ac6336049be5f4c0e38277090",""
"Table","HHSemanas","HHSemanas","","","167","0","3","HHSEMP | HHSCor | HHSTIPO","1","0","0","0","0","f2759e7813f124711dbacf01694f7936d37d96766a64da0c478f2ebcba5b2f82",""
"Table","HisIN","HisIN","","","104","0","10","EmpCod | HisAAMM | HisTipo | HisOricod | HisCuar | HisProd | Hisespe | HisVar | HisEnv | HisCondi","2","0","0","0","0","3d728a91bb25636b3752aa30f91065554481b403a66f822696990a433044026b",""
"Table","Horarios","Horarios","","","162","0","3","HRini | HRFin | HRpausa","1","0","0","0","0","906b09bde067093099c76119a27b9be09f3001cba61e4626fae61795438faaf0",""
"Table","IngActivo","IngActivo","","","212","0","1","INACCod","1","0","0","0","0","6ca2fd13a156f64848c184fb642ac878df15beb10e02613e2dd2fafeef28bf1f",""
"Table","LinConfig","LinConfig","","","219","0","4","EmpCod | LinMaquina | LinID | ConfID","4","0","0","0","0","a4960966dfea118e140cb60724753567c0e7519d81bd57310cf058a9200244d7",""
"Table","Lineas","Lineas","","","220","0","3","EmpCod | LinMaquina | LinID","2","0","0","0","0","8ef750a26e5435c80f7e3b366fa13e0416d3a684a74f0fe5ce14b572d9dad4fe",""
"Table","ListPrecios","ListPrecios","","","206","0","8","EmpCod | CliCod | Especod | Calibre | EnvCod | LSPFecD | LSPFecH | MonCod","5","0","0","0","0","006f875463cd05fc34cad0c0d9c71dd612c4f6a0da2aaee3229f3f57c670dd0c",""
"Table","MaeClauVenta","MaeClauVenta","","","222","0","1","MaeClauCod","1","0","0","0","0","13845e87f767c3e435ee00c1d0713ebda3a2f1e2fc68bf0003b757500d13c55c",""
"Table","MaeForPag","MaeForPag","","","223","0","1","ForPaCod","1","0","0","0","0","b06cabe0ab43eb96eb1536a24da11ae3d141d4989c797919c8912ed88d236c3c",""
"Table","MaeLineaEmbalaje","MaeLineaEmbalaje","","","221","0","1","MaeLinCod","1","0","0","0","0","66617b0e772891a90936a58db7cdf9390da54671cbde68dc00dbd44326d3d412",""
"Table","MaeModVenta","MaeModVenta","","","224","0","1","ModVenCod","1","0","0","0","0","cb9d967f133ce103b8d2f49f60c4781b835fc05ad5dcf9c5fd0aefe92f00643c",""
"Table","MaeViaTran","MaeViaTran","","","225","0","1","MaeViaCod","1","0","0","0","0","317ff1ac874741ba8ba8893ee9855a5ee324f3e82828d0bde10381b80df8a5e5",""
"Table","Modulos","Modulos","","","171","0","2","SistCod | Modcod","2","0","0","0","0","d676226020b412b5909266a2c8214d5a0dd00a0883893c64fa98703c6df2ae58",""
"Table","Monedas","Monedas","","","207","0","1","MonCod","1","0","0","0","0","4d8157b37c9b6a2117e82601be352e0d8f2afb3452d979647b4e64401df13233",""
"Table","MovFrut","MovFrut","","","178","0","6","EmpCod | TempCod | OriCod | MovTDoc | MovNGuia | MovProd","7","0","0","0","0","de636da6c93a48dec824751e0c80f811d0b63aff146eeaf4068e50eac6b70c25",""
"Table","MovFrut1","MovFrut1","","","179","0","7","EmpCod | TempCod | OriCod | MovTDoc | MovNGuia | MovProd | Mov1Nlote","9","0","0","0","0","df6a0270b42873f66f786402f038ce6d5c0b296bc2a87297e040eba8ee54d4e4",""
"Table","NivSeg","NivSeg","","","5","0","2","NSegMod | NSegProg","1","0","0","0","0","e10553c8d100a9891159b4a6ac02b2d4637ba0b6aea65f548e4ea29ea151579c",""
"Table","OrdProc","Orden de Proceso","","","180","0","3","EmpCod | TempCod | Ordpnum","6","0","0","0","0","1aeceb6f2755ec5eb44575aa05a27de4da246a295e57e46b5349f0f55846de3d",""
"Table","OrdProc1","Detalle de Orden de Proceso","","","181","0","4","EmpCod | TempCod | Ordpnum | Ordp1Nlote","2","0","0","0","0","dba8529476b80ebbedff01a01115a3214c4d516be7eeed94df9ff06ecbf24062",""
"Table","Origen","Origen","","","87","0","2","EmpCod | OriCod","2","0","0","0","0","d61a5b61ea02e0b4a036a7f4782df95141404a8a1c1fef9f4ee8250e18ebb65d",""
"Table","PackList","PackList","","","139","0","3","EmpCod | TempCod | PackNumI","12","0","0","0","0","d9a426ea9aeaea1d1d00593a77be8aa3f983839c61887afd32cea26b04a55444",""
"Table","Paletiza01","Paletizado","","","192","0","3","EmpCod | TempCod | PALFolio","5","0","0","0","0","48c2a6284aff300b5c29fb6ff3e2fa49d95f140c25013ea0c74bf2052bf9ea94",""
"Table","Paletiza011","Detalle de Paletizado","","","193","0","4","EmpCod | TempCod | PALFolio | PAL2NCaja","6","0","0","0","0","7df99a54bef3dda9388091caca612c74d0243d60711e9350edd7d5666761a1a8",""
"Table","paramge1","paramge1","","","190","0","3","EmpCod | PARCod | PAR1Cod","2","0","0","0","0","8bef49893814a76cc5c2178a7272dab462514dde87e52e563047b3ad5a05b98f",""
"Table","paramgen","paramgen","","","189","0","2","EmpCod | PARCod","2","0","0","0","0","70a3cc95472ae989b80efb583e9998f9a17017153069892d12f7e299e870e32e",""
"Table","PasoSol","PasoSol","","","191","0","4","EmpCod | PSSoluser | PSSolprod | PSSolCuar","2","0","0","0","0","5b12e61ef8af7a3d8ee2e4fca29e83891a2c695ae46be8f1629c9920b3d885f7",""
"Table","Pausas","Pausas","","","163","0","1","PAUCod","1","0","0","0","0","c0955b1cd49a76ee549f0cb4c8eb5c69abcaa4eb72faa5d3c6047685021d3eae",""
"Table","Procedencia","Procedencia","","","88","0","2","EmpCod | ProcCod","2","0","0","0","0","30f2b83b3ecdbc898fe0fe696e996dd1b8a812a05db15759b727d6157a1b8360",""
"Table","ProcUSDA","Procesos Usda","","","149","0","4","EmpCod | TempCod | PUSTipo | PUSNum","3","0","0","0","0","793b0c9a5b958aab4da76decc875ae39bcf42b9af89e09974de37a4c48759dba",""
"Table","ProcUSDA1","Detalle Procesos Usda","","","150","0","5","EmpCod | TempCod | PUSTipo | PUSNum | PUS1Folio","6","0","0","0","0","2f7bcc35252fdfc20a8b4b58a4cbbdc30cb006952ce8508ddf3d4efed812fa42",""
"Table","ProcUSDA2","Detalle de Folios USDA","","","151","0","6","EmpCod | TempCod | PUSTipo | PUSNum | PUS1Folio | PUS2Cor","6","0","0","0","0","131870dde8a19b2c93b82ead9d3ab70688f4debaf98079409fdb63943101550d",""
"Table","ProdGen","ProdGen","","","159","0","1","PRGCod","1","0","0","0","0","400e532e0a8d921b0f82cec8abf475c971af0a54f36a65617a985ad475fe3e58",""
"Table","Productores","Productores","","","89","0","2","EmpCod | ProdCod","2","0","0","0","0","62d14434ac5ff921ba8c3ddfc69ea5cb43fd345741991b2d1e8191b6d4e4b9b4",""
"Table","Productores1","Cuarteles","","","90","0","3","EmpCod | ProdCod | CuarCod","2","0","0","0","0","cabcbc799b533215ff5f888010d54def3bec18feab49d3c0edbb9d73d6fe47b0",""
"Table","Program","Program","","","172","0","3","SistCod | Modcod | ProgCod","2","0","0","0","0","15ab1dcd44f7a479449c445542fc7c70fbf8d74326a0d35af8a459c2e615077c",""
"Table","Program1","Program1","","","173","0","4","SistCod | Modcod | ProgCod | ProgOPCod","2","0","0","0","0","5746cbd450b1ca6ac838193399f3030efe6a08f5dff31dec60fcfb18d854dcb4",""
"Table","PS_Diagramas","PS Diagramas","","","216","0","6","EmpCod | TempCod | PSD_Login | PSD_ID | PSD_Folio | PSD_Corr","2","0","0","0","0","b4d64de4bdaa7d6f69ed7ca500cd9e053aeafebdba8a38cd120d6d580e2d3edc",""
"Table","PS_InfCal","PS InfCal","","","148","0","10","EmpCod | TempCod | PSC_login | PSC_Expor | PSC_Dest | PSC_Prod | PSC_Espe | PSC_Var | PSC_Env | PSC_Cor","7","0","0","0","0","b57ac0480f234c5045acdbd5d55c3eb3aaa5cdc786214278b8ec61d634001262",""
"Table","PS_InfG001","PS InfG001","","","186","0","7","EmpCod | TempCod | PSI_Login | PSI_Fecha | PSI_Texto | PSI_Num | PSI_ID","3","0","0","0","0","a590dcdf7b1a4469195f7a87813675bd51da15f4ed5155c14354abe3fa7b8244",""
"Table","PS_SalRep01","PS SalRep01","","","130","0","10","EmpCod | TempCod | PSR_Login | PSR_NREp | PSR_Espe | PSR_Var | PSR_Prod | PSR_Env | PSR_Cat | PSR_Cal","5","0","0","0","0","928ea3e3a8c30394488d210136ea8c267ab7fee4e2567dbe4a3cc4cc921a8205",""
"Table","PS_Salrep02","PS Salrep02","","","131","0","6","EmpCod | TempCod | PSRM_Login | PSRM_Repa | PSRM_Folio | PSRM_Corr","2","0","0","0","0","0c457d00df0002029446847882ad0ade51ef13db99e107992154dc86879deb7d",""
"Table","PS_Stock","PS Stock","","","102","0","9","EmpCod | PLogin | POricod | PProd | PCuar | PEspe | PVar | PEnv | PCond","2","0","0","0","0","2335222f8b731ad8bb6584a6f8fb7227c7da9570102ef219545d2648b0dbec71",""
"Table","Puertos","Puertos","","","135","0","1","PuCod","1","0","0","0","0","b1f35a21c89ed2960135b0a770e255a50a44d3ce1c0e98441d1b94f9fefe79be",""
"Table","RecPesaje","RecPesaje","","","226","0","5","EmpCod | TempCod | RPSTdoc | RPSNdoc | RPSID","6","0","0","0","0","71670efd73bb689a83bcf072b27fa70ed8829c245b3bbfc29730bc452a5b3f5a",""
"Table","Repaletizaje","Repaletizaje","","","127","0","3","EmpCod | TempCod | REPNum","3","0","0","0","0","41184d2ce9800486a4f4997838ef5d2b0793da9f34000107baada963cc8f1bce",""
"Table","Repaletizaje1","Repaletizaje1","","","128","0","4","EmpCod | TempCod | REPNum | REP0Fol","5","0","0","0","0","19975ae44925480bb7e12157e4efb4e4bf85f4a4d02999c6de64478eada37e78",""
"Table","Repaletizaje2","Repaletizaje2","","","129","0","6","EmpCod | TempCod | REPNum | REP0Fol | Rep1Corr | REP1Mov","6","0","0","0","0","0c48871ff0aee5c29c419f611504c9faf085cc2fe64e2957933c96eb18aeee4c",""
"Table","RepFolProc","RepFolProc","","","155","0","3","EmpCod | TempCod | FR0NumI","2","0","0","0","0","40bd6d7b0461b5ae9e76d97993c3238d7efd71fbad398ee6bcf9485647140984",""
"Table","RepFolProc1","RepFolProc1","","","156","0","4","EmpCod | TempCod | FR0NumI | FR1Folio","5","0","0","0","0","ee2ac245ec7d53bb01559515a985e1db3c675d49c1533d4d8fb0f2718522a917",""
"Table","RepFolProc2","RepFolProc2","","","157","0","5","EmpCod | TempCod | FR0NumI | FR1Folio | FR2Corr","5","0","0","0","0","af6f712ef793607971233e6035aa0273e346691460af38cdf70d1ba0a1c729d0",""
"Table","Secciones","Secciones","","","91","0","2","EmpCod | Seccod","2","0","0","0","0","d28eae1fd0941cfa8c306d2bec5dcf8e90ca23ca2e14b5f7c53b2c3b339c4da2",""
"Table","Sistemas","Sistemas","","","174","0","1","SistCod","1","0","0","0","0","00097c67adb3de7319d986db0f95c1338273781c0bbad6534a392b85953d7fdc",""
"Table","Solicitudes1","Encabezado Solicitudes","","","124","0","3","EmpCod | TempCod | SolNum","5","0","0","0","0","534fcd5e37719f127792ca5c6f1f3a0e325307779d8d78c0f39681ecaa7e6c42",""
"Table","Solicitudes2","TAB Solicitudes","","","125","0","4","EmpCod | TempCod | SolNum | Sol2Folio","8","0","0","0","0","a41d7e168d12c3b3795b5902ee40b292b89a6d2ca7fadfd18befffd87d24a7b3",""
"Table","Solicitudes3","TAB Solicitude1","","","126","0","5","EmpCod | TempCod | SolNum | Sol2Folio | Sol3Corr","6","0","0","0","0","bcfff3f832fad70d95a6a7770a61f5f2118b9c25e4bf07a733fe0a9379bcc29a",""
"Table","Temp01","Temp01","","","123","0","2","EmpCod | TempCod","2","0","0","0","0","f555ee50afef9cda4446d636ac5575bce3de62651589b55ff992c00566d7f438",""
"Table","TipAlt","TipAlt","","","152","0","2","EmpCod | TAlCod","2","0","0","0","0","b46c5c24a75c8d35230f3f6be5abf52507bcfa6fa6b3aade83ffc37e6e21a4c5",""
"Table","TipBPa","TipBPa","","","153","0","2","EmpCod | TBPCod","2","0","0","0","0","a581bd6850846175eb57105bbb2a214725171ac293e6b7a895fc2711fa5f3c00",""
"Table","Tipdoc","Tipos de Documentos","","","38","0","1","TdCod","1","0","0","0","0","e63a9b4dc96513bb8361c3ca2bba151da3da88ab754706f7c23fc8693fce411e",""
"Table","TipEti","TipEti","","","154","0","2","EmpCod | TEtCod","2","0","0","0","0","530247e2ac9acd1de140d74666c8dc31e5a2e1e3af3de5406bbf9d8c460257ec",""
"Table","TipMov","TipMov","","","92","0","2","EmpCod | TMcod","2","0","0","0","0","a2853bd780e24fe009ef5c195b3143d928787bfece73152068a6fe1a4335a795",""
"Table","TipMov1","TipMov1","","","93","0","3","EmpCod | TMcod | TMSCod","2","0","0","0","0","39c979e192461892166adfc64991d208d2ebf32bebbcfab5432e326600282c2c",""
"Table","TipoTransMP","TipoTransMP","","","211","0","1","TTMPCod","1","0","0","0","0","d67a1ef2b8701994cd063f07267d9fe94f753923f97e7f15b717442f34fb17fa",""
"Table","TrataMP","TrataMP","","","213","0","1","TRACod","1","0","0","0","0","cf2280cf89a575756d7ab528660f6835668d299f21e98bec350c8b68ea61be60",""
"Table","Usuarios","Usuarios","","","175","0","1","UsuLogin","1","0","0","0","0","6f03449a0cad16a0be4b24a8669efc78b229549015bd63f79a90730f41f167fd",""
"Table","ValMExt","ValMExt","","","205","0","2","MonCod | VMEFec","2","0","0","0","0","9e0d370230ab6cc4b5904193b5580bdf6f34b061712ecc75c80c91978a7999c1",""
"Theme","Thm01","Thm01","","2005-03-17 20:06:12GMT","","0","0","","0","0","0","0","0","a622c23db7dab780654481415e8d853896b49e2f721248fbffea48dccfec944e",""
"Transaction","Agentes","Agentes","Maestros","2012-01-27 13:12:58GMT","","10","0","","0","0","274","334","1","484968878ea5388d4aab0f7011a13634d53421c986aae74c5e33df75ccd18363","EmpCod* | EmpNom | AgeCod* | Agerut | AgeDv | AgeNom | AgecodMP"
"Transaction","AnuINS","Anular Inspecciones","Anulaciones","2014-01-03 16:46:38GMT","","11","0","","0","0","573","504","2","0c9d79073dcf3974e6d02126b8a7f264b210cc1c3596960b8a5b388a7d2bcec9","EmpCod* | TempCod* | ANUFolio* | ANUFecha | CAnCod | CanNom | CanPE | ANUFecC | ANULoginC | ANUEstado | ANUOBS | AnuTotFol | DACod | DANombre | DAVig"
"Transaction","Asig","Asignaciones","Seguridad","2009-08-11 15:12:16GMT","","9","0","","0","0","255","0","0","cb01fec35986439cfc3647f135c09eb3d7b7817cc0da40acdc1a51e37f16920c","GECODEMP* | AsigUsu* | SistCod* | SistNombre | AsigMod* | AsigDes | AsigAsig"
"Transaction","AsigProg","AsigProg","Seguridad","2009-08-11 15:12:10GMT","","9","0","","0","0","349","0","0","371f807abaffa5061905a4a3a6426b9191a86b3be3ec7bbac7a1552aa39d779e","GECODEMP* | UsuLogin* | SistCod* | SistNombre | Modcod* | ProgCod* | ProgDes | ProgUsuC |     (ProgOPCod* |      ProgOPDes)"
"Transaction","AsigSist","Asigna Sistemas","Seguridad","2008-10-29 02:55:02GMT","","6","0","","0","0","165","0","0","66fa20864de1bd36d8e02f41bcbfa1dc1992b4f00e39128bce3feaf5026bfc78","GECODEMP* | AsgSisLogin* | SistCod* | SistNombre"
"Transaction","Calibres","Calibres","Maestros","2009-10-01 03:33:44GMT","","9","0","","0","0","206","254","2","491ca5b0e6682d260bec7d8b89fcf695ae20d9f80fc4d8aa47258d2695c1a7e1","EmpCod* | EmpNom | Especod* | EspeNom | Calibre* | CalCod"
"Transaction","CAP001","CAPTURA de cajas","CapturaCajas","2015-09-23 20:26:56GMT","","8","0","","0","0","1413","0","0","7c76f2b30a5fb6c6a1d8b6674e4e867f0dfa7fe62ab1a5aa2c962f3e73322b1b","EmpCod* | TempCod* | CAPCOD* | CAPNproc | CAPFecha | CAPFecLog | CAPMM | CAPAA | Especod | EspeNom | VarCod | VarNom | ProdCod | ProdNom | EnvCod | EnvNom | Calibre | Catcod | CatNom | CAPCantidad | CAPKilos | CAPEst | CAPNDesp | CAPTipo | CAPFecDes | ExpCod | ExpNom | CliCod | CliNom | CAPEtiOrig | CAPEtiNew | CAPEnvO | CAPCatO | CAPCaliO | CapMaquina | CAPLinea | CAPPerson | CAPLinEmba"
"Transaction","CausaAnul","Causal de Anulacion","Maestros","2009-08-14 02:18:42GMT","","15","0","","0","0","198","185","0","275a080d751a16eaeba892fff56b8de6591de68bac527fedd7e4de346061222f","CAnCod* | CanNom | CanPE | CanLoginC | CanFecC"
"Transaction","Clientes","Clientes","Maestros","2011-12-03 02:17:28GMT","","10","0","","0","0","371","295","1","d91ab376ea9760277aea606c05990b3f2e5a46d672a7abce334c1b6631ff30c2","EmpCod* | EmpNom | CliCod* | Clirut | CliDv | CliNom | Clidirec | CliGiro | Cliciu | CliCom | CliFono | CliRegion"
"Transaction","cntfolios","Control de Folios","Paletizado","2011-10-08 18:43:10GMT","","8","0","","0","0","364","0","0","6c207a8a1a5fd3a282eb076c0a8fe706bee4b0959957531a3f7da697bf4d149c","EmpCod* | TempCod* | cntFolio* | cntFcrea | cntEstado | cntFocupa | ExpCod | ExpNom"
"Transaction","Comunas","Comunas","Maestros","2008-04-09 15:52:24GMT","","8","0","","0","0","104","0","0","d5e920c03b022c804cd6a4df86ac86cbd9009b55bc4785e053127bdebe35bb84","ComCod* | Comdesc"
"Transaction","Condicion","Condicion","Maestros","2009-08-14 01:50:50GMT","","15","0","","0","0","189","78","0","e1b1aa526761f8a36a98446caf1c101f0ffda3792c17e94d0de86cdda407bd21","ConCod* | ConNom | ConNomC | ConEst"
"Transaction","ConfigEti","Configuracion de Etiqueta","ETIQUETAS","2016-11-04 20:43:14GMT","","11","0","","0","0","655","293","0","3258af1df7539402b5ce0a0f731811bf5b5e629354340782cba7232d0f332495","EmpCod* | ConfCod* | ConfLinea* | ConfText1a | ConfLin1 | ConfDato1a | ConfText1b | ConfLin1b | ConfDato1b | ConfTipFecha | ConfSepFec | ConfLogCrea | ConfFecC | ConfTipEti"
"Transaction","Consig","Consignatario","Maestros","2005-11-18 14:28:20GMT","","11","0","","0","0","240","295","1","a3750f8883b98b60c7018a3248aea2de003c0077fdcbe53285c572b65ea2c2c4","EmpCod* | EmpNom | ConsCod* | ConsRut | ConsDV | ConsNom"
"Transaction","DATMP","Datos Multipuerto","Multipuerto","2012-01-31 02:17:36GMT","","11","0","","0","0","910","133","0","e428cfca1d3387808ba0e94e319f84c9b53460eb68302b7e183c189cea397048","EmpCod* | TempCod* | DMPPlani* | TRACod | TRANom | INACCod | INACNom | DMPFecTra | DMPConTra | DMPDuraTra | TTMPCod | TTMPNom | DMPNSello1 | DMPNSello2 | DMPNSello3 | DMPNSello4 | DMPUbi1 | DMPUbi2 | DMPUbi3 | DMPUbi4"
"Transaction","DefEmp","Definicion de Empresa","Seguridad","2012-11-11 19:43:14GMT","","22","0","","0","0","711","295","1","031e52fca1a6baa6f55af8ac6c58a5978c82f08299c9f2e6d4913911a52936c3","EmpCod* | EmpNom | EmpGiro | Empdir | EmpRut | EmpDV | EmpRepre | EmpSw | EmpPar1 | EmpPar2 | empreg | Empprov | Empcom | empSisProd | EmpTempLot | EmpCodSAG | EmpCodCom | EmpRutIMG | EmpTReg"
"Transaction","DesCli_FP","Despachos Clientes Fruta Procesada","Despachos_Varios","2014-11-29 16:34:56GMT","","8","0","","0","0","740","0","0","0e6a750b0c721a4f6351538e30a07164f11e70803d09826a37b4f9d60007c398","EmpCod* | TempCod* | DesOTNumI* | DesOTNumG | DesOTFecha | CliCod | CliNom | DesOTTotFol | DesOTTotCaj | DesOTTotKil | DEsOTLoginC | DesOTFecC | DesOTTipo | DesOTNguiInt |     (DesOT1Cor* |      DesOT1Folio |      DesOT1Espe |      DesOT1NEspe |      DesOT1Cajas |      DesOT1Kilos |      DesOT1Ori |      DesOT1TipF)"
"Transaction","DesCliCab","Despacho Clientes Cabezera","Despachos_Varios","2016-11-17 16:00:28GMT","","10","0","","0","0","625","910","3","21bb3311e08c9b15f3150f14e9c13a800e703c84d554090873ebd575936ae2ab","EmpCod* | TempCod* | DesOTNumI* | DesOTNumG | DesOTFecha | CliCod | CliNom | DesOTTotFol | DesOTTotCaj | DesOTTotKil | DEsOTLoginC | DesOTFecC | DesOTTipo | DesOTNguiInt | DESOTIndi"
"Transaction","DesFumi1","Despacho Fumigacion","USDA","2008-04-05 00:19:28GMT","","11","0","","0","0","1461","919","3","11d20abfa709a0a657dbb4fdefab690b4f1f47c4020c06aaa645d38ac510eb57","EmpCod* | TempCod* | DorTipPlani* | DORNum* | DORNumf | DorFecha | DorPuertoE | DorNPuertoE | DorNguia | DorTipoTrans | DorPatente | DorNSellos | DorUbicacion | DorPuertoD | DorNpuertoD | DestCod | DestNom | ConsCod | ConsNom | AgeCod | AgeNom | Agerut | ExpCod | ExpNom | ExpRut | DorNave | DorObs1 | DACod | DANombre | DorTotCajas | DorTotKilos | DorTotFol | DorEstado | DorLogcre | DorFecCrea | DorLogAnula | DorFecAnula | Dortrata"
"Transaction","DesManual","Despacho Manual SAG","Despachos","2011-12-02 14:08:20GMT","","11","0","","0","0","1978","797","1","6923283696f65e2fc08baea4f8a070b03755890230b66b899be6171a99286e81","EmpCod* | TempCod* | DMATipPlani* | DMANum* | DMANumf | DMAFecha | DMAPuertoE | DMANPuertoE | DMANguia | DMATipoTrans | DMAPatente | DMANSellos | DMAUbicacion | DMAPuertoD | DMANpuertoD | DestCod | DestNom | ConsCod | ConsNom | AgeCod | AgeNom | Agerut | AgeDv | ExpCod | ExpNom | ExpRut | ExpDv | DMANave | DMAObs1 | DACod | DANombre | DMAEstado | DMALogcre | DMAFecCrea | DMALogAnula | DMAFecAnula | DMAtrata | DMATrata2 | DMATrata3 | DMACodTrata | DMAContenedor | DMAPalBin | DMAtipoD | DMATotCaja | DMATotKls |     (DMA2Corr* |      Especod |      EspeNom |      VarCod |      VarNom |      DMA2FecProc |      EnvCod |      EnvNom |      EnvnomC |      Catcod |      CatNom |      Calibre |      DMA2Cajas |      DMA2Kilos)"
"Transaction","DesManual1","Despacho Manual","Despachos","2012-11-12 03:51:42GMT","","11","0","","0","0","1672","895","3","51dd146ddc79363c1bf32610a8963d64f1a8bf771154968b9dc888265c9ee2b2","EmpCod* | TempCod* | DMATipPlani* | DMANum* | DMANumf | DMAFecha | DMAPuertoE | DMANPuertoE | DMANguia | DMATipoTrans | DMAPatente | DMANSellos | DMAUbicacion | DMAPuertoD | DMANpuertoD | DestCod | DestNom | ConsCod | ConsNom | AgeCod | AgeNom | Agerut | ExpCod | ExpNom | ExpRut | AgeDv | ExpDv | DMANave | DMAObs1 | DMAEstado | DMALogcre | DMAFecCrea | DMALogAnula | DMAFecAnula | DMAtrata | DMATrata2 | DMATrata3 | DMACodTrata | DMAContenedor | DMAPalBin | DMAtipoD | DMADespacha | DMATotPallet | DMANumDUS"
"Transaction","DesManual3","Detalle de Despacho Manual","Despachos","2011-12-03 03:29:22GMT","","13","0","","0","0","1381","241","1","69ed7dd669679350beffad0b0f55035cdd287268109a701d76968d0b4aaa776c","EmpCod* | TempCod* | DMATipPlani* | DMANum* | DMANumf | DMAFecha | DMAPuertoE | DMANPuertoE | DMANguia | DMATipoTrans | DMAPatente | DMANSellos | DMAUbicacion | DMAPuertoD | DMANpuertoD | DestCod | DestNom | ConsCod | ConsNom | AgeCod | AgeNom | Agerut | AgeDv | ExpCod | ExpNom | ExpRut | ExpDv | DMANave | DMAObs1 | DMAEstado | DMALogcre | DMAFecCrea | DMALogAnula | DMAFecAnula | DMAtrata | DMATrata2 | DMATrata3 | DMACodTrata | DMAContenedor | DMAPalBin | DMAtipoD | DMATotCaja | DMATotKls |     (DMA2Corr* |      Especod |      EspeNom |      VarCod |      VarNom |      EnvCod |      EnvNom |      EnvnomC |      DMA2Cajas |      DMA2Kilos)"
"Transaction","DesOrigen","Despachos Origen","Despachos","2010-12-13 20:40:44GMT","","8","0","","0","0","2405","0","0","36b54cb1ea8e55b557ac2df5cf8f0e87c5d334a27f9f517f6d8e247f85ddd657","EmpCod* | TempCod* | DorTipPlani* | DORNum* | DORNumf | DorFecha | DorPuertoE | DorNPuertoE | DorNguia | DorTipoTrans | DorPatente | DorNSellos | DorUbicacion | DorPuertoD | DorNpuertoD | DestCod | DestNom | ConsCod | ConsNom | AgeCod | AgeNom | Agerut | AgeDv | ExpCod | ExpNom | ExpRut | ExpDv | DorNave | DorObs1 | DACod | DANombre | DorTotCajas | DorTotKilos | DorTotFol | DorEstado | DorLogcre | DorFecCrea | DorLogAnula | DorFecAnula | Dortrata | DorTrata2 | Dortrata3 | DorCodTrata | DorContenedor | DorPalBin | DortipoD |     (dor1Folio* |      dor1espe |      Dor1Nespe |      Dor1Cajas |      Dor1Kilos |      Dor1Nsol |         (Dor2Corr* |          Dor2espe |          Dor2Nespe |          Dor2var |          Dor2Nvar |          Dor2fecproc |          Dor2Prod |          Dor2NProd |          Dor2ComP |          Dor2ProvP |          Dor2env |          Dor2NeNV |          dor2NenvC |          Dor2cat |          Dor2Ncat |          Dor2cal |          Dor2Cajas |          Dor2Kilos))"
"Transaction","DesOrigen1","Caratula Despacho","Despachos","2015-01-21 14:05:02GMT","","11","0","","0","0","1694","844","3","19c7f61549e4d8acd32e55cb48b285a2321fe89381655c4866dbf701ba7999f9","EmpCod* | TempCod* | DorTipPlani* | DORNum* | DORNumf | DorFecha | DorPuertoE | DorNPuertoE | DorNguia | DorTipoTrans | DorPatente | DorNSellos | DorUbicacion | DorPuertoD | DorNpuertoD | DestCod | DestNom | ConsCod | ConsNom | AgeCod | AgeNom | Agerut | ExpCod | ExpNom | ExpRut | DorNave | DorObs1 | DACod | DANombre | DorTotCajas | DorTotKilos | DorTotFol | DorEstado | DorLogcre | DorFecCrea | DorLogAnula | DorFecAnula | Dortrata | DorTrata2 | Dortrata3 | DorCodTrata | DorContenedor | DortipoD | DorPalBin"
"Transaction","DespaAuto","Despachadores  Autorizados","Maestros","2009-08-14 02:03:20GMT","","14","0","","0","0","161","147","0","b6f664887cd198511486199c48440406954ed22a243e63eac9142f9a540e0923","EmpCod* | DACod* | DANombre | DAVig"
"Transaction","DespCajS","Despachos Cajas Sueltas","Cajas_Leidas","2009-09-08 19:56:10GMT","","8","0","","0","0","454","0","0","50b98dc7caa7bc98f09bb8227c162c4f62cab52767a53519fe38824b99ca01dd","EmpCod* | CliCod* | CliNom | TdCod* | TdNom | DCSDesp* | DCSNumint | DCSFecha | DCSGlosa | DCSLogin | DCSFecC | DCSTotCajas"
"Transaction","Destinos","Destinos","Maestros","2009-08-14 01:55:00GMT","","16","0","","0","0","228","171","0","24ad47b8176081cbcdbdc15d4766eb674c6fdc862a66d787416560f3750e92d7","DestCod* | DestNom | DestCMP | DestNMP"
"Transaction","DestMP","Destinos Multipuerto","Maestros","2008-04-09 16:05:50GMT","","12","0","","0","0","118","50","0","99ffa690c303d2a46ac347aae44f00b9b7ef3653faf1906892017bd34b69057c","DesMPCod* | DesMPNom"
"Transaction","EnvCat","Envases Categorias","Maestros","2016-11-22 12:53:32GMT","","9","0","","0","0","584","491","0","d73dad2404486917342ebf34af9f17b4cf12b24510c845275f2d83dce3029933","EmpCod* | EmpNom | EnvCod* | EnvNom | EnvNomExt | EnvnomC | EnvPeso | EnvDestare | EnvPesoB | EnvUso | EnvSECod | EnvCMP | EnvNMP |     (Catcod* |      CatNom |      CatnomExt |      CatNomC |      CatSECod)"
"Transaction","EnvMP","Envases Multipuertos","Maestros","2008-04-09 16:10:22GMT","","12","0","","0","0","119","50","0","1491af7fdd16e6efe3d5817df737e41b3ce543c3929d56eba5d1096d83c09407","ENMTCod* | ENMTDesc"
"Transaction","Especies","Especies","Maestros","2014-01-22 20:52:40GMT","","10","0","","0","0","553","569","0","2dea3b4e1a285004d0aff45a2412732f58895baf56f73df677529a2142dc4571","EmpCod* | EmpNom | Especod* | EspeNom | EspeNomExt | EspeNomC | EspeDiaV | EspeSag | EspePLU | EspeCMP | EspeNMP | EspeSECod |     (VarCod* |      VarNom |      varnomC |      VarPLU |      VarSECod)"
"Transaction","ETIXCal","Etiquetas por Calibre","Orden_Proceso","2011-11-17 00:39:22GMT","","6","0","","0","0","167","31","0","00749b618609a5229e1340e20bd3906a166df7a945899ec575e9b87b1520fa92","EmpCod* | TempCod* | Ordpnum* | Calibre* | ConfCod"
"Transaction","Export","Exportadoras","Maestros","2014-01-22 21:04:00GMT","","10","0","","0","0","339","334","1","397c9a6e1c3ce469bfb9e6293b1717a2de378e179b44f003ec617f6be9c46383","EmpCod* | EmpNom | ExpCod* | ExpNom | ExpRut | ExpDv | EXPCodMP | EXPSECod"
"Transaction","ExpProd","Exportadoras Productores","Maestros","2007-04-19 21:43:26GMT","","12","0","","0","0","225","134","0","f25eecc64064fe3500505787fd67ff14214115b55fdd627ef4aec6ac37beabc6","EmpCod* | EmpNom | ExpCod* | ExpNom |     (ProdCod* |      ProdNom |      ProdComuna)"
"Transaction","factura","factura","Factura","2016-12-20 23:28:14GMT","","16","0","","0","0","1270","1372","3","f18880dd2896bb7c40e44db1f0bcdd37b5ebabfbfcb916be6855b24243e66ea2","EmpCod* | TempCod* | FacNum* | FacTipDoc | FacNumI | CliCod | CliNom | Clirut | CliDv | Clidirec | CliGiro | Cliciu | CliCom | CliFono | FacFecha | FacCPago | FacNeto | FacIva | FacTotal | FacTotalUSD | FacPiva | FacEstado | FacObs1 | FacObs2 | FacEmisor | FacForPcod | FacModvenCod | FacClauVenCod | FacViaTraCod | FacDus | FacNumPack | FacTipCambio | FacDocRef | FacTipRef |     (Fac1Corr* |      FacTipDoc1 |      Fac1Detalle1 |      Fac1Detalle2 |      Fac1Cant |      Fac1PunitUSD |      Fac1PUnit |      Fac1Total |      Fac1TotalUSD)"
"Transaction","FComercial","Fruta Comercial","Fruta_Comercial","2011-11-10 00:36:48GMT","","11","0","","0","0","590","552","1","7690d5f3684f5e1cd99f7ac85afa239d108f4efd0cc9b6be8a63c4bb87c60c81","EmpCod* | TempCod* | FCOProceso* | FCONumI* | FCOFecha | FCOLoginI | FCOFecC | TMcod | TMNom | TMSCod | TMSNom | FCONEnv | FCOKilos | Especod | EspeNom | FCOOBS | FCOOrigen"
"Transaction","Foldiagrama","Folios diagrama","Diagrama","2012-12-10 02:04:58GMT","","9","0","","0","0","615","577","2","c4853781ed3689b1e48a26198268fa01f553b09c022e1f424d32e67933482d0e","EmpCod* | TempCod* | FolDNdoc* | FolDFecha | FolDGlosa | Especod | EspeNom | FolDTipM | FolDTipSel | FolDTipDes |     (FolD1Corr* |      FolD1Folio |      FolD1Cajas |      FolD1AcumCaja |      TBPCod |      TBPBase |      TBPDiv |      FolD1CPreIns |      FolD1CIns) | FolDCFolios | FolDSCajas"
"Transaction","FoliosProc","Folios Procesados","Ingreso_de_Folios","2011-10-05 01:18:32GMT","","20","0","","0","0","1449","3154","4","30f2c50bc877c8cf86778b6892b567a03c5f9357dcee6e47e9713459e2049e4f","EmpCod* | EmpNom | empSisProd | EmpTReg | TempCod* | FPFolio* | FPOrdProc | ExpCod | ExpNom | FPEspe | FPNomEspe | FPEstado | FPFechaIng | FPIns | FPDesOri | FPDesOT | FPDesUsda | FPDisponible | TEtCod | TEtDesc | TAlCod | TAlDesc | TBPCod | TBPDesc | FPOrigen |     (FP2NProc* |      FP2Cor* |      FP2Fecha |      ProdCod |      ProdNom |      fp2especod |      fp2nomespe |      fp2varcod |      fp2Varnom |      EnvCod |      EnvNom |      Catcod |      CatNom |      Calibre |      EnvPeso |      EnvUso |      EnvDestare |      FP2Cajas |      FP2Kilos |      fp2expcod |      fp2NomExp |      Fp2MovRep |      Fp2Estado |      Fp2Tipo |      Fp2Ins |      Fp2CajasO |      FP2CajasRep) | FPTotalCajas | FPTotalKilos"
"Transaction","FoliosProcII","Folios Procesados - Cuarteles","Ingreso_de_Folios","2011-02-25 20:21:38GMT","","20","0","","0","0","1453","3145","4","14eb5900164e6e1d52f05453c7c83b52e4d40eed60640a8c6702811e506ecadd","EmpCod* | EmpNom | empSisProd | EmpTReg | TempCod* | FPFolio* | FPOrdProc | ExpCod | ExpNom | FPEspe | FPNomEspe | FPEstado | FPFechaIng | FPIns | FPDesOri | FPDesOT | FPDesUsda | FPDisponible | TEtCod | TEtDesc | TAlCod | TAlDesc | TBPCod | TBPDesc |     (FP2NProc* |      FP2Cor* |      FP2Fecha |      ProdCod |      ProdNom |      CuarCod |      CuarNom |      fp2especod |      fp2nomespe |      fp2varcod |      fp2Varnom |      EnvCod |      EnvNom |      Catcod |      CatNom |      Calibre |      EnvPeso |      EnvUso |      EnvDestare |      FP2Cajas |      FP2Kilos |      fp2expcod |      fp2NomExp |      Fp2MovRep |      Fp2Estado |      Fp2Tipo |      Fp2Ins |      Fp2CajasO |      FP2CajasRep) | FPTotalCajas | FPTotalKilos"
"Transaction","Gen_ETIXCal","General Grupos de Etiquetas por Calibre","Orden_Proceso","2012-10-23 14:07:48GMT","","10","0","","0","0","214","271","0","0a28948d05dbf55b57b46ece4522e4e811d9c3ed8c3569de246bb8a1ff70108a","EmpCod* | GETxCCodigo* | Especod* | EspeNom |     (Calibre* |      ConfCod)"
"Transaction","GenCor","GenCor","Maestros","2009-08-14 02:00:18GMT","","15","0","","0","0","180","77","0","edeaf0f7c0199f5366b144f381a4bf434e9bd9200f66067d3e05f049281203a3","EmpCod* | EmpNom | GenCod* | GenCor10 | GenCor5"
"Transaction","GuiasD","Guias Despacho","Guias_Despacho","2016-11-17 23:11:38GMT","","11","0","","0","0","2258","668","1","8f70357ac4eab32a3945eef11942215e15eb6b43b576a441a96affe2e05f02d7","EmpCod* | TempCod* | GuiNumInt* | GuiNumLeg | GuiEmisor | GuiFecha | CliCod | CliNom | Clirut | CliDv | Cliciu | CliGiro | Clidirec | CliCom | CliFono | GuiCondPago | GuiNOC | GuiEstado | GuiOrigen | GuiNumPack | GuiLogin | GuiFecC | GuiDesde | GuiHasta | GuiTotal | GuiNFac | GuiNumFactura | GuiTotCant | GuiTipos | GuiTotCajas | GuiTipDesExp | GuiIndDesExp | PackTipPuerto | PackNPuDe | PackPuDe | PackNPuOr | PackPuOr | GuiFecZar | GuiHora | GuiExpCod | GuiExpNom | GuiConsCod | GuiConsNom | GuiDaCod | GuiDANombre | GuiPackNave | GuiDestCod | GuiDestNom | GuiAgeCod | GuiAgeNom | GuiChofer | GuiTipCamion | GuiPatente | GuiEmpTrans | GuiRutChofer | GuiMarcas | GuiContram | GuiEmisor2 | GuiNsello | GuiEmisor1 | GuiNSello1 | GuiNumPalTer2 | GuiNumPalTer1 | GuinTermograf2 | GuiNTermografo | GuiNContenedor | GuiDus | GuiSPSN | GuiExpDv | GuiExpRut |     (Gui1Corr* |      Gui1Detalle1 |      Gui1Detalle2 |      Gui1Cant |      Gui1PrecU |      Gui1Total |      Gui1Cajas)"
"Transaction","GuiasDFruta","Guias Fruta","Guias_Despacho","2012-11-19 23:18:02GMT","","10","0","","0","0","1152","603","1","c44e5178f9f034917af5562f55200621a73384de4c03e723bac697b5e35b94ec","EmpCod* | TempCod* | GuiNumInt* | GuiNumLeg | GuiEmisor | GuiFecha | CliCod | CliNom | Clirut | CliDv | Cliciu | CliGiro | Clidirec | CliCom | CliFono | GuiCondPago | GuiNOC | GuiEstado | GuiOrigen | GuiNumPack | GuiLogin | GuiFecC | GuiDesde | GuiHasta | GuiTotal | GuiNFac | GuiNumFactura | GuiTotCant | GuiTipos | GuiTotCajas |     (Gui1Corr* |      Gui1Detalle1 |      Gui1Detalle2 |      Gui1Cant |      Gui1PrecU |      Gui1Total |      Gui1Cajas |      Gui1Calibre |      Especod |      EspeNom |      EnvCod |      EnvNom)"
"Transaction","GuiasDFrutaII","Guias Fruta","Guias_Despacho","2012-11-19 23:17:06GMT","","10","0","","0","0","1111","603","1","1c82dcef470eadd49f6057d2dabd759fa7a6728d2c4d350e361d92d14376907d","EmpCod* | TempCod* | GuiNumInt* | GuiNumLeg | GuiEmisor | GuiFecha | CliCod | CliNom | Clirut | CliDv | Cliciu | CliGiro | Clidirec | CliCom | CliFono | GuiCondPago | GuiNOC | GuiEstado | GuiOrigen | GuiNumPack | GuiLogin | GuiFecC | GuiDesde | GuiHasta | GuiTotal | GuiNFac | GuiNumFactura | GuiTotCant | GuiTipos | GuiTotCajas |     (Gui1Corr* |      Gui1Detalle1 |      Gui1Detalle2 |      Gui1Cant |      Gui1PrecU |      Gui1Total |      Gui1Cajas |      Especod |      EspeNom)"
"Transaction","GuiasE","Guias Electronicas","Guias_Despacho","2016-11-15 15:17:08GMT","","11","0","","0","0","2467","1319","1","0c561b304cd2872042d08817c60e761f73f9a765a6e6ff7962afd03b68f53065","EmpCod* | TempCod* | GuiNumInt* | GuiNumLeg | GuiEmisor | GuiFecha | CliCod | CliNom | Clirut | CliDv | Cliciu | CliGiro | Clidirec | CliCom | CliFono | GuiCondPago | GuiNOC | GuiEstado | GuiOrigen | GuiNumPack | GuiLogin | GuiFecC | GuiDesde | GuiHasta | GuiTotal | GuiNFac | GuiNumFactura | GuiTotCant | GuiTipos | GuiTotCajas | GuiTipDesExp | GuiIndDesExp | PackTipPuerto | PackNPuDe | PackPuDe | PackNPuOr | PackPuOr | GuiFecZar | GuiHora | GuiExpCod | GuiExpNom | GuiConsCod | GuiConsNom | GuiDaCod | GuiDANombre | GuiPackNave | GuiDestCod | GuiDestNom | GuiDestCMP | GuiAgeCod | GuiAgeNom | GuiChofer | GuiTipCamion | GuiPatente | GuiEmpTrans | GuiRutChofer | GuiMarcas | GuiContram | GuiEmisor2 | GuiNsello | GuiEmisor1 | GuiNSello1 | GuiNumPalTer2 | GuiNumPalTer1 | GuinTermograf2 | GuiNTermografo | GuiNContenedor | GuiDus | GuiSPSN | GuiExpDv | GuiExpRut |     (Gui1Corr* |      Gui1Detalle1 |      Gui1Detalle2 |      Gui1Cant |      Gui1PrecU |      Gui1Total |      Gui1Cajas |      Gui1Calibre |      Especod |      EspeNom |      EnvCod |      EnvNom)"
"Transaction","GuiasE_bkp","Guias Electronicas","Guias_Despacho","2016-10-28 15:51:02GMT","","11","0","","0","0","2461","668","1","3cbf6401cb8e9daba80b235fa13a79f0c2874d40c218f5c00d34def49cbd9dd7","EmpCod* | TempCod* | GuiNumInt* | GuiNumLeg | GuiEmisor | GuiFecha | CliCod | CliNom | Clirut | CliDv | Cliciu | CliGiro | Clidirec | CliCom | CliFono | GuiCondPago | GuiNOC | GuiEstado | GuiOrigen | GuiNumPack | GuiLogin | GuiFecC | GuiDesde | GuiHasta | GuiTotal | GuiNFac | GuiNumFactura | GuiTotCant | GuiTipos | GuiTotCajas | GuiTipDesExp | GuiIndDesExp | PackTipPuerto | PackNPuDe | PackPuDe | PackNPuOr | PackPuOr | GuiFecZar | GuiHora | GuiExpCod | GuiExpNom | GuiConsCod | GuiConsNom | GuiDaCod | GuiDANombre | GuiPackNave | GuiDestCod | GuiDestNom | GuiAgeCod | GuiAgeNom | GuiChofer | GuiTipCamion | GuiPatente | GuiEmpTrans | GuiRutChofer | GuiMarcas | GuiContram | GuiEmisor2 | GuiNsello | GuiEmisor1 | GuiNSello1 | GuiNumPalTer2 | GuiNumPalTer1 | GuinTermograf2 | GuiNTermografo | GuiNContenedor | GuiDus | GuiSPSN | GuiExpDv | GuiExpRut |     (Gui1Corr* |      Gui1Detalle1 |      Gui1Detalle2 |      Gui1Cant |      Gui1PrecU |      Gui1Total |      Gui1Cajas)"
"Transaction","HHSemanas","HHSemanas","TM","2009-06-08 19:40:02GMT","","6","0","","0","0","515","0","0","0abc27ffc18b513272c4fea899b897b34d956b1b25ce47d212ebd5eb3777c581","HHSEMP* | HHSCor* | HHSTIPO* | HHSPHTD | HHSDIA | HHSIni | HHSFin | HHSPau | HHSPHTP | HHSLugar | HHSDESCRIP | HHSdescripL | HHSnumD | HHSLV | HHSSab | HHSDom"
"Transaction","HisIN","Historico de Ingresos","Historicos","2005-11-21 14:39:16GMT","","7","0","","0","0","561","0","0","af7f801e41fce0d55eff8d93d4d8b8fc012aba80e75ea496f857538f0948b561","EmpCod* | EmpNom | HisAAMM* | HisTipo* | HisOricod* | HisCuar* | HisProd* | Hisespe* | HisVar* | HisEnv* | HisCondi* | HisTMov | HisStMov | HisCant | HisKilos"
"Transaction","Horarios","Horarios","TM","2009-06-08 15:48:08GMT","","6","0","","0","0","139","0","0","db705724d4a7692fe63dd373863de1c0e1b4e259b640506501f4e99c822e9898","HRini* | HRFin* | HRpausa* | HRCod"
"Transaction","IngActivo","Ing Activo","Multipuerto","2012-01-30 00:30:36GMT","","8","0","","0","0","163","0","0","28f0f534a6f1857aa1f27d3d4bb30d5ce00ee14cc73bf07fed3af37f584cd14c","INACCod* | INACNom"
"Transaction","IngDefEmp","Ingreso empresas para Guias.","Seguridad","2012-11-19 20:48:10GMT","","23","0","","0","0","550","302","1","ef43d342d9542ac08855d5566bef2907fa40998a1f074c88c1ee04cdeeb110ec","EmpCod* | EmpNom | EmpGiro | Empdir | EmpRut | EmpDV | EmpRepre | EmpSw | EmpPar1 | EmpPar2 | empreg | Empprov | Empcom | empSisProd | EmpTempLot | EmpCodSAG | EmpCodCom | EmpRutIMG | EmpTReg"
"Transaction","Interplanta","Interplanta","Interplanta","2010-12-16 03:06:56GMT","","14","0","","0","0","841","819","2","35193e497d9c2287034b75305a3619ea0a5d99ebb3bd10048e9f43e9c954fd43","EmpCod* | EmpNom | TempCod* | SolNum* | SolnumI | SolTipo | Solfecha | SolSolicita | SolDest | SolNDest | solespe | solnespe | solespesag | solDestinos | SolEstado | sollogin | soltotcajas | soltotkilos | soltotpal | solcajasRA | SolcajasRB | SolcajasRC | SollogAP | SolFecAP | SollogRE | SolFecRE"
"Transaction","LinConfig","Lin Config","ConfiguracionLineas","2014-11-05 02:50:06GMT","","8","0","","0","0","498","107","0","1c5761bcf723fdb82fe0c37dedcf3e47b62f996a8bfd6ac24dee690988e25bbe","EmpCod* | LinMaquina* | LinID* | ConfID* | Especod | EspeNom | Calibre | EnvCod | EnvNom | Catcod | CatNom | ConfEstado | LConfLogin | LConfFecLog | LConfCodPer"
"Transaction","Lineas","Lineas","ConfiguracionLineas","2014-11-05 01:51:18GMT","","10","0","","0","0","416","490","1","a4a2c7307e2955e1f5b98d0e2aa6a99a00ca60f0de20cabe08d3ae7981334b2b","EmpCod* | LinMaquina* | LinID* | LinDesc | LinPerCod | LinUbica | LinPC | LinEstado | LinEstConf"
"Transaction","ListPrecios","Lista de Precios","Factura","2011-11-27 21:18:36GMT","","15","0","","0","0","524","717","0","27bbb73c8dc07de3fe814ab78522db6610b350bca434f8440ed46f7618f05ad8","EmpCod* | CliCod* | CliNom | Especod* | EspeNom | Calibre* | EnvCod* | EnvNom | LSPFecD* | LSPFecH* | MonCod* | MonDes | LSPPrecioU | LSPIndTodos"
"Transaction","MaeClauVenta","Clausulas de compra venta","Factura","2016-11-25 03:50:04GMT","","8","0","","0","0","187","0","0","d751ca4cc5a026d7af99e7283398d2087038e8a0a12b1213adb9848ffffd6477","MaeClauCod* | MaeClauDesc | MaeClauSigla"
"Transaction","MaeForPag","Maestro Formas de Pago","Factura","2016-11-30 05:11:56GMT","","7","0","","0","0","146","0","0","3900661c33492345f9514942a74caeb5c55cbff721a80442e76f7a707de83557","ForPaCod* | ForPaDesc | ForPaSigla"
"Transaction","MaeLineaEmbalaje","Maestro Linea Embalaje","Maestros","2015-09-23 20:33:04GMT","","8","0","","0","0","145","0","0","eb00dc84a9bfd0511c00ad08c60b337a9d824cfbeb3d6e361002eb739b6d90ff","MaeLinCod* | MaeLinDes"
"Transaction","MaeModVenta","Maestro Modalidad de Venta","Factura","2016-11-25 03:40:16GMT","","8","0","","0","0","220","0","0","f63654da6c8d815b041979033e686b021e634593720b9346e46afc367b246664","ModVenCod* | ModVenDesc | ModVenSigla"
"Transaction","MaeViaTran","Via de Transporte","Factura","2016-11-25 03:57:12GMT","","8","0","","0","0","136","0","0","b5561eaa69aa94326d5fed4b1696462f36c51e805bb134820a9d69cafd347210","MaeViaCod* | MaeViaDesc"
"Transaction","Modulos","Modulos","Seguridad","2009-08-11 14:52:30GMT","","16","0","","0","0","234","96","0","0cfd33d30139ba3b2a029e117ca8dd81d57ba4193053ea9bd15c0578a542ed75","SistCod* | SistNombre | Modcod* | ModTipo | Modprg | ModDes | ModFcrea"
"Transaction","Monedas","Monedas","Maestros","2011-11-27 21:46:16GMT","","15","0","","0","0","134","195","0","62cd8799b1c5ea5ea5fbc0b87dae0efdfadc2a01eed9a44e506ffbbe6558acdd","MonCod* | MonDes | MonLogC"
"Transaction","MovFrut","Movimiento de Fruta","Ingresos","2014-11-03 02:48:10GMT","","15","0","","0","0","1123","1685","2","30f940a1744c9017aabfefa2dc4905e75a53d4983f0f3742550743ba9cd3afd4","EmpCod* | TempCod* | OriCod* | Orinom | MovTDoc* | movTdnom | MovNGuia* | MovProd* | MovNProd | MovFecha | MovObs | MovItem | TMcod | TMSCod | TMSNom | MovTotE | MovTotKilN | MovTotKilB | MovGrados | MovGBrik | MovLoginC | MovFecC | MovLoginUPD | MovFecUPD | MovAuto |     (Mov1Nlote* |      Mov1Cuar |      Mov1NCuar |      Mov1Espe |      Mov1NEspe |      Mov1Var |      Mov1NVar |      Mov1TEnv |      Mov1NEnv |      Mov1Condi |      Mov1Ncondi |      Mov1Destare |      Mov1NumE |      Mov1KilB |      Mov1Peso |      Mov1KilN |      Mov1TM |      Mov1STM |      Mov1Fecha |      Mov1AA |      Mov1MM |      Mov1EnvPROC)"
"Transaction","MovFrutPesaje","Recepcion - Pesaje Automatico","Ingresos","2014-11-04 00:24:50GMT","","15","0","","0","0","794","939","1","8c16e8600842557d95ad5d528e09ef7e3ca71e65b8dda62e111cd6fe5173c633","EmpCod* | TempCod* | OriCod* | Orinom | MovTDoc* | movTdnom | MovNGuia* | MovProd* | MovNProd | MovFecha | MovObs | MovItem | TMcod | TMSCod | TMSNom | MovTotE | MovTotKilN | MovTotKilB | MovGrados | MovGBrik | MovLoginC | MovFecC | MovLoginUPD | MovFecUPD | MovAuto"
"Transaction","NivSeg","Nivel Seg x Prog","Seguridad","2005-10-28 21:08:02GMT","","11","0","","0","0","405","151","0","5b628f6568849ffe72df81b96b0c1daa2e3dabd971d2a81bfdad5e2c8b964eb7","NSegMod* | NSegDMod | NSegProg* | NsegDes | NSegIns | NsegDel | NsegUPD | NsegPRC | NsegLogA"
"Transaction","OrdProc","Ordenes de Proceso","Orden_Proceso","2011-11-07 01:33:52GMT","","8","0","","0","0","1145","0","0","4c256621106d7849cd43d22eba095b7f7c256092b2bb3cadae03d172348d3ef0","EmpCod* | TempCod* | Ordpnum* | OrdpFecha | ProdCod | ProdNom | Especod | EspeNom | VarCod | VarNom | ExpCod | ExpNom | OrdpTotEnv | OrdpTotKilos | OrdpEnvExp | OrdpKilosExp | OrdpTipEnv | OrdpTEnvNom | OrdpEnvCom | OrdpKilosCom | OrdpDesecho | OrdploginC | OrdpFecC | OrdpLoginA | OrdpFecA | OrdpEstado | OrdpCodEti | OrdpHHIniP | OrdpHHFinP | OrdpETIxCal |     (Ordp1Nlote* |      Ordp1Env |      Ordp1Kilos)"
"Transaction","Origen","Origen","Maestros","2009-08-14 01:52:06GMT","","14","0","","0","0","198","77","0","2a53230fe49a4cf2205913a420c78efbe5007832375006d56fa751c839d943a4","EmpCod* | EmpNom | OriCod* | Orinom | OriEst"
"Transaction","PackList","Packing List","Packing_List","2016-11-22 12:57:12GMT","","14","0","","0","0","2373","1233","1","0940163bafbbd383a1715c6d762505eba6d7b094e0ca46fc2c73c1159af2b0ea","EmpCod* | TempCod* | PackNumI* | PackTipo | PackNumG | PackGuia | CliCod | CliNom | PackFecha | PackFecZar | PackFecINS | PackLoginC | PackHora | PackChofer | PackRutChofer | PackTipCamion | PackPatente | PAckNContenedor | PackNTermografo | PacknTermograf2 | PAckNumPalTer1 | PackNumPalTer2 | PackPuOr | PackNPuOr | PackCodHomo | PackPuDe | PackNPuDe | PackTipPuerto | PackCodHDe | DACod | DANombre | PackNave | ExpCod | ExpNom | ExpRut | ExpDv | ConsCod | ConsNom | DestCod | DestNom | DestCMP | AgeCod | AgeNom | Agerut | AgeDv | PackTotCajas | PackTotPal | PackKilos | PackKilosB | PackEstado | PAckSPSN | PAckNSello1 | PackEmisor1 | PackNSello2 | PackEmisor2 | PackObs1 | PackObs2 | PackContram | PackEmpTrans | PackMarcas | PackTipoDesp | PackDus | packIndDesExp | packTipDesExp"
"Transaction","Paletiza01","Paletizado","Paletizado","2011-09-30 20:29:54GMT","","8","0","","0","0","784","0","0","6cf6fd567143ff66f65d7f269dfb82380992084160dc93400a7ea71d35088ae3","EmpCod* | TempCod* | PALFolio* | PALFecha | PALEspe | PALEspenom | ExpCod | ExpNom | PALLoginC | PALLoginM | PalTotCajas | PALTotKilos | PALEstado | PALCajas |     (PAL2NCaja* |      PAL2Nproc |      PAL2Fechap |      PAL2Kilos |      Especod |      EspeNom |      VarCod |      VarNom |      ProdCod |      ProdNom |      EnvCod |      EnvNom |      Catcod |      CatNom |      Calibre)"
"Transaction","paramgen","parametros generales","Maestros","2016-11-04 22:33:48GMT","","13","0","","0","0","343","97","0","9065e72ae9a1823069274b04cee15b5ffbee113eb0c52fddac1f4c213df3a9f5","EmpCod* | PARCod* | PARDes | PARValor1 | PARValor2 | PARValor3 |     (PAR1Cod* |      PAR1Des |      PAR1Valor1 |      PAR1Valor2 |      PAR1Valor3 |      Par1Texto)"
"Transaction","PasoSol","Paso Sol","Tablas_Paso","2011-01-29 15:40:24GMT","","6","0","","0","0","238","0","0","ab9251260cc436d8753301dd2dbfbdbbd876199d2bc7800eacc9be62f3952899","EmpCod* | PSSoluser* | PSSolprod* | PSSolCuar* | PSSolCajas | PSSolPallet"
"Transaction","Pausas","Pausas","TM","2009-06-05 21:24:04GMT","","6","0","","0","0","122","0","0","05994aaf3e402cfbd8aa2c1da005d0efd6eca30508fdd2acd607e96b11fdb77c","PAUCod* | PAUVal1 | PAUVal2"
"Transaction","Procedencia","Procedencia","Maestros","2009-08-14 01:52:58GMT","","14","0","","0","0","218","77","0","fdd7cff1d6fe8d7e7ff0822cd25d80e4dd10c6c538812bfe56bc2a4e6b90e3e3","EmpCod* | EmpNom | ProcCod* | ProcNom | ProcEst"
"Transaction","ProcUSDA","Procesos USDA","USDA","2008-02-12 18:47:42GMT","","8","0","","0","0","1649","0","0","ac45d71602440ecfb30e515123e211ca9c70ef7fdd7f259f00751417ff60653c","EmpCod* | TempCod* | PUSTipo* | PUSNum* | PUSNumI | PUSFecha | PUSEstado | PUSEspe | PUSEspenom | PUSLoginC | PUSFecC | PUSTotCaj | PUSTotKil | PUSTotPal |     (PUS1Folio* |      PUS1Espe |      PUS1NEspe |      PUS1Cajas |      PUS1Kilos |      PUS1Dispo |      PUS1CajRep |      PUS1KilRep |      PUS1CajDes |      PUS1KilDes |      TEtCod |      TEtDesc |      TAlCod |      TAlDesc |      TBPCod |      TBPDesc |         (PUS2Cor* |          PUS2Fecha |          VarCod |          VarNom |          ProdCod |          ProdNom |          EnvCod |          EnvNom |          Catcod |          CatNom |          Calibre |          Especod |          EspeNom |          PUS2Cajas |          PUS2Kilos |          PUS2CajREp |          PUS2KilRep |          PUS2CajDES |          PUS2KilDES))"
"Transaction","ProcUSDA_Cab","Despacho USDA","USDA","2008-02-27 17:08:08GMT","","11","0","","0","0","485","623","1","73bb9dc21dbc2cd159c640cce27065e409df1a69a7892f80ffc819cab2366234","EmpCod* | TempCod* | PUSTipo* | PUSNum* | PUSFecha | PUSEstado | PUSEspe | PUSEspenom | PUSLoginC | PUSFecC | PUSTotCaj | PUSTotKil | PUSTotPal"
"Transaction","ProdGen","Productos Generales","Maestros","2008-04-09 16:07:06GMT","","12","0","","0","0","114","50","0","650fda467c5cb5c6c71bfaf2a12d84dc66666e9574dccbc096e9196d01f4bf71","PRGCod* | PRGDesc"
"Transaction","Productores","Productores","Maestros","2014-01-23 14:45:52GMT","","10","0","","0","0","659","552","1","054f470e8db8dd5f2a8c478386d01711f9fef3b2969b4f681e05721637002bd4","EmpCod* | EmpNom | ProdCod* | ProdNom | ProdRut | ProdDv | ProdComuna | ProdProvincia | ProdPack | ProdPackCom | ProdPackProv | ProdCodExt | Prodnom2 | ProdCodSAG | ProdSECod |     (CuarCod* |      CuarNom |      CuarnomC)"
"Transaction","Program","Programas","Seguridad","2009-08-11 15:09:24GMT","","9","0","","0","0","417","130","0","90b7667c594d5800b4591e76712e57924c997d6afa0efbf41db42b61e11eb438","SistCod* | SistNombre | Modcod* | ModDes | ProgCod* | ProgDes | ProgFcrea | ProgTipo | ProgNomGX |     (ProgOPCod* |      ProgOPDes)"
"Transaction","PS_Diagramas","PS_ Diagramas","Diagrama","2012-12-08 21:12:58GMT","","6","0","","0","0","556","0","0","52f33be292a3c1359ef88f43e80b9115d98a9abcb84dbc5e697b7a11a8b1ca5e","EmpCod* | TempCod* | PSD_Login* | PSD_ID* | PSD_Folio* | PSD_Corr* | PSD_Campo1 | PSD_Campo2 | PSD_Campo3 | PSD_Campo4 | PSD_Campo5 | PSD_Campo6 | PSD_Campo7 | PSD_Campo8 | PSD_Campo9 | PSD_Campo10 | PSD_Corte"
"Transaction","PS_InfCal","paso informe Calibres","Tablas_Paso","2007-12-01 03:37:56GMT","","6","0","","0","0","1501","0","0","501de0402f24727b8243081219c5689c5cf05a172beb7998090175a58764b22d","EmpCod* | TempCod* | PSC_login* | PSC_Expor* | PSC_NExpor | PSC_Dest* | PSC_NDest | PSC_Prod* | PSC_NProd | PSC_Espe* | PSC_NEspe | PSC_Var* | PSC_NVar | PSC_Env* | PSC_Nenv | PSC_Cor* | PSC_Texto | PSC_Fecha | PSC_Val01 | PSC_Val02 | PSC_Val03 | PSC_Val04 | PSC_Val05 | PSC_Val06 | PSC_Val07 | PSC_Val08 | PSC_Val09 | PSC_Val10 | PSC_Val11 | PSC_Val12 | PSC_Val13 | PSC_Val14 | PSC_Val15 | PSC_Val16 | PSC_Val17 | PSC_Val18 | PSC_Val19 | PSC_Val20 | PSC_ValN0 | PSC_ValN1 | PSC_ValN2"
"Transaction","PS_InfG001","Paso Informes","Tablas_Paso","2011-11-20 01:36:26GMT","","6","0","","0","0","546","0","0","46557c98b92a9f98313bbc84258d8f644f9b9c210277e3aa273f1618094102d5","EmpCod* | TempCod* | PSI_Login* | PSI_Fecha* | PSI_Texto* | PSI_Num* | PSI_ID* | PSI_Val1 | PSI_Val2 | PSI_Val3 | PSI_Val4 | PSI_Val5 | PSI_Val6 | PSI_Val7 | PSI_Text01 | PSI_Text02"
"Transaction","PS_SalRep01","Saldos Rep01 Consolidado","Repaletizaje","2008-02-20 15:36:06GMT","","6","0","","0","0","599","0","0","a823f870ac170744e200cdf226edd4db0514ea76621444b3cadf27ea3c0d24f2","EmpCod* | TempCod* | PSR_Login* | PSR_NREp* | PSR_Espe* | PSR_NEspe | PSR_Var* | PSR_NVar | PSR_Prod* | PSR_NPRod | PSR_Env* | PSR_NEnv | PSR_Cat* | PSR_NCat | PSR_Cal* | PSR_Cajas | PSR_CajasO | PSR_CajasD"
"Transaction","PS_Salrep02","Movimientos Folios","Repaletizaje","2008-02-20 15:36:18GMT","","6","0","","0","0","300","0","0","c81fb32380c4074d990911ba4c581b84a8870004741bb3ba93dbc636b003267b","EmpCod* | TempCod* | PSRM_Login* | PSRM_Repa* | PSRM_Folio* | PSRM_Corr* | PSRM_Cajas"
"Transaction","PS_Stock","PaSo Stock","Stock","2005-11-18 16:21:50GMT","","6","0","","0","0","371","0","0","59d5268ba5c57b0f735ea175fead613af31da60f2c4c529b71ceb78efd49743b","EmpCod* | PLogin* | POricod* | PProd* | PCuar* | PEspe* | PVar* | PEnv* | PCond* | PCant | PKilos | PValor"
"Transaction","Puertos","Puertos","Maestros","2016-10-28 04:36:40GMT","","8","0","","0","0","184","152","0","face8e744e4dfd6e79c79ade8ecf33fa621c15a0aa423ab7ce3c68b4a812ac79","PuCod* | PuNombre | PuNac | PuCodHomo"
"Transaction","RecPesaje","Recepcion - Pesaje","Ingresos","2017-05-11 23:16:12GMT","","8","0","","0","0","747","0","0","72119d93bed5b82ec3da73455999b2727554fc7d5988493a4c50e2df750aafbe","EmpCod* | TempCod* | RPSTdoc* | RPSNdoc* | RPSID* | ProdCod | ProdNom | CuarCod | CuarNom | Especod | EspeNom | VarCod | VarNom | EnvCod | EnvNom | ConCod | ConNom | RPSNenv | RPSKilos | RPSKilosB"
"Transaction","Repaletizaje","Repaletizaje","Repaletizaje","2014-01-03 16:39:28GMT","","8","0","","0","0","1330","0","0","9163ff1d1a2082f96e8e4d9d046ae1b7dbe55586cada358f4fa31cb12cdd6339","EmpCod* | TempCod* | REPNum* | REPNumF | REPFecha | REPLogCrea | REPFecCrea | REPEstado | DACod | DANombre | DAVig |     (REP0Fol* |      REp0Espe |      REP0Nespe |      Rep0Cajas |      REp0CajasR |      REP0CajasDes |      REP0Nsol |      REP0TipAct |      REP0Calt |      REP0NAlt |      REP0CBase |      REP0NBase |         (Rep1Corr* |          REP1Mov* |          REP1FecPro |          REP1Prod |          REP1NProd |          REP1Espe |          Rep1NomEspe |          Rep1Var |          Rep1Nvar |          REP1Env |          REP1NEnv |          REP1Peso |          REP1tara |          REP1Cat |          REP1NCat |          REP1Cal |          REP1CajasINS |          REP1KilosINS |          REP1CajasRep |          REP1KilosRep |          REP1CajasDes |          Rep1KilosDes))"
"Transaction","RepFolProc","Repaletizaje Folios Procesados","Ingreso_de_Folios","2008-02-26 03:04:02GMT","","6","0","","0","0","1030","0","0","9714928a8a5118f72ca0a503eeaf107c16bbf01665b0d31a524e8c7b27251d3b","EmpCod* | TempCod* | FR0NumI* | FR0Fecha | FR0LoginC | FR0FecC | FR0Estado |     (FR1Folio* |      FR1Espe |      FR1NEspe |      FR1Cajas |      FR1CajasR |      FR1CajasF |      FR1Calt |      FR1Nalt |      FR1CBase |      FR1NBase |      FR1CET |      FR1Exp |         (FR2Corr* |          FR2FecProc |          FR2PRod |          FR2NProd |          FR2Espe |          FR2NEspe |          FR2Var |          FR2NVar |          FR2Env |          FR2NEnv |          FR2Peso |          FR2tara |          FR2Cat |          FR2NCat |          FR2Cal |          FR2Cajas |          FR2CajasR |          FR2CajasF))"
"Transaction","Secciones","Secciones","Maestros","2007-07-07 17:44:34GMT","","11","0","","0","0","170","97","0","6e57dd7996677f35618ce560483d323d4e162f571eca82d77af99d991675254e","EmpCod* | EmpNom | Seccod* | SecNom"
"Transaction","Sistemas","Sistemas","Seguridad","2009-08-11 15:06:36GMT","","16","0","","0","0","146","155","0","c50e3b055b4b31e6b94ccd1c26abf2f34a07570e83fc348cba0ae3d51ba87b1d","SistCod* | SistNombre | SistFecCrea"
"Transaction","Solicitudes","Solicitudes","Inspecciones","2012-11-12 03:48:00GMT","","14","0","","0","0","920","820","2","f7d4d3f7539f633562c94f1c3ffa3d48806eb5bbef91ded665ea545f62be56e6","EmpCod* | EmpNom | TempCod* | SolNum* | SolnumI | SolTipo | Solfecha | SolSolicita | SolDest | SolNDest | solespe | solnespe | solespesag | solDestinos | SolEstado | sollogin | soltotcajas | soltotkilos | soltotpal | solcajasRA | SolcajasRB | SolcajasRC | SollogAP | SolFecAP | SollogRE | SolFecRE"
"Transaction","TAB_Solicitudes","TAB_ Solicitudes","Inspecciones","2012-11-11 19:46:50GMT","","10","0","","0","0","1972","1306","0","3ef05f179057a7a1b0b0a78729599dca78d9c945d22bf4d512efd580b93bb27a","EmpCod* | EmpNom | TempCod* | SolNum* | SolnumI | Solfecha | SolSolicita | SolDest | SolNDest | solespe | solnespe | solespesag | solDestinos | SolEstado | sollogin |     (Sol2Folio* |      Sol2Espe |      sol2nespe |      Sol2Dispo |      Sol2NumAnu |      Sol2CAlt |      Sol2NAlt |      Sol2CBase |      Sol2NBase |      Sol2Ceti |      Sol2nEti |         (Sol3Corr* |          sol3fecha |          Sol3espe |          Sol3Var |          Sol3NVar |          Sol3prod |          Sol3NProd |          Sol3Env |          Sol3NEnv |          Sol3CaT |          Sol3NCat |          Sol3Cal |          sol3ComProd |          Sol3ProvProd |          sol3Tipo |          Sol3Cajas |          Sol3Kilos |          Sol3CajasRep |          Sol3KilosRep |          Sol3CajasDes |          Sol3KilosDes |          Sol3Cuar) |      Sol2Cajas |      Sol2Kilos |      Sol2CajasREP |      Sol2KilosRep |      Sol2CajasDes |      Sol2KilosDes) | soltotcajas | soltotkilos | soltotpal | solcajasRA | SolcajasRB | SolcajasRC"
"Transaction","Temp01","Temporadas","Maestros","2007-05-11 21:10:56GMT","","10","0","","0","0","361","318","0","efcabc68ca7b0e1e9aa3d07414e20451848edef7c8a9d6349b49266e7ce825e5","EmpCod* | TempCod* | TempDes | TempFecAbre | TempLogA | TempFecCierra | TempLogC | TempActiva"
"Transaction","TipAlt","Tipo de Altura","Exportadora","2008-02-13 20:13:36GMT","","9","0","","0","0","203","221","0","24f06fe30452bb106ccb3c21ee31b62b52e456cb4bfbf82a0aa51f3bd12ee9fa","EmpCod* | EmpNom | TAlCod* | TAlDesc"
"Transaction","TipBPa","Tipos Base de Pallet","Exportadora","2012-12-10 03:48:58GMT","","9","0","","0","0","304","221","0","f032fa0eca017b05fad238585603284460a9725922a2fa0d3efb978c9cd30590","EmpCod* | EmpNom | TBPCod* | TBPDesc | TBPDiv | TBPBase"
"Transaction","Tipdoc","Tipos de documentos","Maestros","2009-08-13 02:05:38GMT","","14","0","","0","0","150","123","0","ec561ebc28a2dbb661cbfb3cd8d6f425a4e809be7199d05b59bfd369c81aaaf2","TdCod* | TdNom | TdInter | TdBloq"
"Transaction","TipEti","Tipos de Etiqueta","Exportadora","2008-02-13 20:13:58GMT","","9","0","","0","0","197","225","0","526363af495bd37768679632a52705de54e459d70152af715e8b8664e09c5a5a","EmpCod* | EmpNom | TEtCod* | TEtDesc"
"Transaction","TipMov","Tipos Movimnientos","Maestros","2009-08-13 02:07:24GMT","","14","0","","0","0","306","76","0","3f86d27495951606ed0abfdc73b92eee85445947a5b92a4fc7919a68d3483986","EmpCod* | EmpNom | TMcod* | TMNom |     (TMSCod* |      TMSNom)"
"Transaction","TipoTransMP","Tipo de Transporte","Multipuerto","2012-01-30 00:07:06GMT","","8","0","","0","0","173","0","0","4c95adddad3e22258b301b637bc0ba64a150eb0f58c555d7c14f69146d592858","TTMPCod* | TTMPNom"
"Transaction","TrataMP","Tratamiento MP","Multipuerto","2012-01-30 00:22:18GMT","","8","0","","0","0","163","0","0","8dd6a51b34e9234aaa375cdfa99272b5bafc422848e70f6e7d185e13e8df868b","TRACod* | TRANom"
"Transaction","TRN","TRN","Estilos","2007-05-23 15:15:50GMT","","8","0","","0","0","36","0","0","815841aa469aa8459bed26be94879f70a309a2f5a62a0a2211cf1fd620b01ffa",""
"Transaction","TRNGuia","TRNGuia","Estilos","2007-04-19 21:23:46GMT","","8","0","","0","0","36","0","0","9b5db8f2904f852367823eecdfeb92b955aa72b4de55fbbc77d34006697d4eec",""
"Transaction","UbiSellosMP","Ubicacion Sellos MP","Multipuerto","2012-01-30 00:19:42GMT","","8","0","","0","0","61","0","0","962ea594d48f5186f13d0723fa2a4c9cb88deb0041cafd3dc12208da3af63f60",""
"Transaction","Usuarios","Usuarios","Seguridad","2008-11-01 18:07:54GMT","","12","0","","0","0","363","561","0","14f8048d8f829f19996509b1f3be33bc728a808c4100c3f049910c1dc0b8b70d","UsuLogin* | UsuClave | UsuRut | UsuDV | Usunom | UsuCargo | UsuExpira | usucrea | UsuNseg | UsuCorreo"
"Transaction","ValMExt","Valor Moneda Extranjera","Maestros","2011-11-27 20:34:48GMT","","9","0","","0","0","192","208","0","c565b40e275cefe32d518c1dbe68d95f1a73fe1a76e8602c5c00f87b9b44ef31","MonCod* | MonDes | VMEFec* | VMEVal"
"WorkPanel","ADMDespCS","Despachos Cajas Embaladas","Cajas_Leidas","2011-12-02 21:00:12GMT","","19","0","","0","0","59","80","0","df1953a99ed7c69eb8822d603e4d53bee8917fbe046c98fc65f446cda2b0acbd",""
"WorkPanel","ADMOrdProc","ADM Ordenes de Proceso","Orden_Proceso","2011-11-21 19:53:34GMT","","22","0","","0","0","82","77","0","9a40434730881e8eb81b14ff286b4ab78c0b2c8f15b26049b5ef15077b39a99c",""
"WorkPanel","Agentes","Agentes","Maestros","2009-08-14 01:57:00GMT","","13","0","","0","0","29","78","0","0516132086a909bf5df0674ae6a8a43c52ae5d05b85befcf6cade446f245435e",""
"WorkPanel","AgrFol_Anu","Agregar Folios Anulacion","Anulaciones","2010-12-14 13:10:12GMT","","19","0","","0","0","68","119","0","ce9910dab643b07513b3bd2867b67e1b0cee955d2a9aeda51e3a460a463e4ffc",""
"WorkPanel","AgrFol_DesOT","Agrega Folios Despacho Clientes","Despachos_Varios","2007-10-11 20:36:58GMT","","20","0","","0","0","59","54","0","b50472fc44ae15f52ef8486971e2220dd54a891805f6f2b032ebadfdc205a7a2",""
"WorkPanel","AgrFol_ProcUS","Baja Folio","USDA","2008-02-27 16:49:48GMT","","24","0","","0","0","79","73","0","679d90bb19d3e44466f057258dc53daf44c0899af8b0f533718a4d402c0fa8ba",""
"WorkPanel","Anulaciones","Anulaciones Folios Inspeccionados","Anulaciones","2014-01-03 16:49:50GMT","","19","0","","0","0","59","80","0","20b249d5aeef6a37fd45332129891caae8e726fea457f2ed2494b1d37e318c60",""
"WorkPanel","ArmadoPallet","Armado de Pallet","Paletizado","2011-11-23 23:53:30GMT","","33","0","","0","0","157","109","0","788310c7aa3648e80709cc2206d99b9a102417d14fac016fe71f5ae642addff1",""
"WorkPanel","AsigGrupoETI","Asigna Grupos de Etiquetas por Calibre","Orden_Proceso","2011-11-17 03:17:28GMT","","9","0","","0","0","16","44","0","391f5a7574bc48f39ba901690cfdf910fa399ee2ac2d23aa731cbf9e353801d2",""
"WorkPanel","AsigP2","Asignacion de Modulos/Programa","Seguridad","2008-11-15 03:17:00GMT","","20","0","","0","0","84","75","0","a4bb6cab36178732751e9a78103a252611494f05739bba2e43b7e7a0f66236ce",""
"WorkPanel","AsigProg","Asignacion de Modulos/Programas","Seguridad","2009-08-12 22:00:42GMT","","15","0","","0","0","35","89","0","d86fac9183b727d02eb96bb7313a66dc61222b40f022a50f33fb497b0337353e",""
"WorkPanel","AyudaC","AyudaC","Seguridad","2003-03-18 01:50:40GMT","","4","0","","0","0","0","0","0","b1ec4b40b17f974e43a2599d7bc5ddeb683d8ea3afb7bb4c9bfe038d6b24a994",""
"WorkPanel","BajaFolDespa","Baja Folios a Despacho","Despachos","2014-01-18 14:29:28GMT","","18","0","","0","0","102","65","0","8e6cc2fe125c0e740cb754403ea03873e7bfd58f78a4b77aa785c9891f826b40",""
"WorkPanel","BajaFolDesUS","Baja Folios Despacho USDA","USDA","2008-02-27 19:35:52GMT","","19","0","","0","0","70","70","0","3c9ca27af3a635b23ba1a8c61a2a08bd48d1d4d34323ba88fcfc3a06777870eb",""
"WorkPanel","BajFolioINS","Bajar Folios a Inspeccion","Inspecciones","2010-12-15 02:10:58GMT","","16","0","","0","0","28","62","0","1fdab140cfb92ca398bcd74f1aa89e91e3defae52842582b123cb6f76349e251",""
"WorkPanel","BajFolioINT","Bajar Folios INTERPLANTA","Inspecciones","2010-12-16 02:43:38GMT","","16","0","","0","0","25","62","0","5965052ee90b05dbc2cafa7d20f6de0b9c8b67ffd7a8ff51278210453e7c333f",""
"WorkPanel","busfolio","Busqueda de Folios","Ingreso_de_Folios","2014-01-29 14:51:08GMT","","25","0","","0","0","37","135","0","5a74d65f25494bcac0617fa4c22adef84b0059cda415cbf38518981833e6fc5b",""
"WorkPanel","CADM10010","Consultas Administrativas","Menus","2016-11-17 16:07:52GMT","","17","0","","0","0","27","96","0","1d7d1e84b689b175be3d7c0b09db68fb90f0a486a286e19e8764073b74460806",""
"WorkPanel","CajasxProc","Cajas por Proceso","Orden_Proceso","2011-10-05 03:01:10GMT","","14","0","","0","0","50","48","0","a47bd2af8f45c9dd7d87f51ff10b31d8666aaca90472d51e180e92fc58c65815",""
"WorkPanel","Calibres","Calibres","Maestros","2009-08-14 02:26:02GMT","","14","0","","0","0","29","77","0","538ae03029b3f06eb09b9d2d261a3688beb076d3640ff276c6f002edb839eb87",""
"WorkPanel","CambiaEstadoSol","Cambia Estado Sol","Inspecciones","2010-12-19 03:59:04GMT","","15","0","","0","0","83","71","0","69462700db144c511d545e3584fd96feeb9eaa14c51c712a9599043168d24f25",""
"WorkPanel","CambiaEstadoUS","Cambia Estado US","USDA","2008-02-26 18:22:04GMT","","15","0","","0","0","86","71","0","4ed8df3c5ddaaf8babb3f0f1653e5d960bf495f666081430cd33fc706b11f1bd",""
"WorkPanel","CamClav","Actualización de Clave","Seguridad","2005-11-16 19:41:54GMT","","11","0","","0","0","92","119","0","23b5be35459e0468ea30b857a249a8fb0e0a0a1544df7751fd66901d2192f92e",""
"WorkPanel","CamCorGuia","Cambio correlativo Guia","Guias_Despacho","2011-10-25 02:05:28GMT","","10","0","","0","0","37","35","0","38b813dffac646db1b473ba84581911d5b3f4c62dad03eb06f097c7739595bc2",""
"WorkPanel","CAPCajas","CAPTURA Cajas","CapturaCajas","2015-10-09 19:58:18GMT","","43","0","","0","0","143","76","0","efca8dce35c812ad05775bf73667a098c050234d022ea497f8784f1f0a7b38df",""
"WorkPanel","CAPCajas02","Captura de Cajas - Proceso","CapturaCajas","2016-11-17 21:37:02GMT","","49","0","","0","0","184","76","0","fa25f4ba5bed74f4c437a2be149bd6122577313956545b63748500ab5a9b2ad2",""
"WorkPanel","CAPCajas03","Captura de Cajas - Proceso","CapturaCajas","2015-10-09 19:44:18GMT","","51","0","","0","0","168","76","0","04e2413e605ca96785495f3a81ea6f3f7a56bd3a458e477f820e6c96af4ca6e4",""
"WorkPanel","CargaFolios","Carga Folios","Ingreso_de_Folios","2014-01-29 14:44:22GMT","","34","0","","0","0","56","73","0","b2031295196a68b289018de28843f941ebc63b84d0a3f78c6e0f5abcc230d6e7",""
"WorkPanel","CEstadoProc","Cambia Estado Proceso","Orden_Proceso","2009-09-29 01:12:34GMT","","16","0","","0","0","75","77","0","a8f292106a98d0bb2589dadd8a32aef27d8023e7659bbe5e6db6651086fd186b",""
"WorkPanel","CFrutCom","Fruta Comercial","Procesos","2012-11-08 21:08:44GMT","","28","0","","0","0","87","78","0","321d2ee39044190dd380eb9dc708cd0c0ecc010f6f504868f7a8c0c9fc0112e6",""
"WorkPanel","CInfoProd","Consulta Informe Produccion","Procesos","2012-11-08 22:38:22GMT","","41","0","","0","0","72","376","0","53d8edc43215c3258e0a95b7dcebcce4ab471732be67137a9bec43dbc9d522f9",""
"WorkPanel","Clientes","Clientes","Maestros","2010-12-05 21:04:34GMT","","14","0","","0","0","44","78","0","909c68f552b0041686c3d3224f6cdf6290f4ac439a550e5d5a91db19183e0d9f",""
"WorkPanel","Conex","Control de Exportaciones","Menus","2016-11-04 18:53:24GMT","","36","0","","0","0","61","225","0","b280d40f727cd8548337c98495c5ad76db58580d644e0de8183166e51697a840",""
"WorkPanel","ConfEtiquetas","Configura Etiquetas","ETIQUETAS","2014-11-04 22:08:08GMT","","25","0","","0","0","39","77","0","e46e478e4a8184cc207eeba3d93ee7a4c28bcc9a51e8f23f2bfd5aa356f83948",""
"WorkPanel","Consig","Consignatario","Maestros","2009-08-14 01:57:44GMT","","13","0","","0","0","29","78","0","6a46632239e2ff9362eda8e11465158af3da176271b66cfc0bca096c5b47fec1",""
"WorkPanel","ConsProcesos","Conssulta de Procesos","Procesos","2009-08-14 02:35:44GMT","","42","0","","0","0","267","405","0","bdd73459bfe98e319e4cf3757f97c55baf1b90738ca16da97e1d09f18c2c682f",""
"WorkPanel","COrdProcesos","Ordenes de Proceso","LecturaCajas","2012-11-09 21:32:40GMT","","29","0","","0","0","79","80","0","5e7ce21e9bca6fdb6c4135746e5674e991ae63eb657baadd2994e69acf20b9c7",""
"WorkPanel","CPRO10015","Consultas de Procesos","Menus","2012-12-13 15:04:20GMT","","19","0","","0","0","27","53","0","2813ad05cd646bd7bd449becdf3eb336573f37c80195607479004e570b8545e3",""
"WorkPanel","CRecepciones","Recepciones de Fruta","Recepciones","2012-11-08 21:17:24GMT","","16","0","","0","0","81","54","0","8ee0d97a54465b8a32f2a11832d4a401c3a13b94b9619d8e83106d8718303ab4",""
"WorkPanel","CRecepFrut","Consulta Recepcion de Fruta","Recepciones","2012-12-07 02:29:40GMT","","43","0","","0","0","97","291","0","00aa30efdeaf1b40b31efff74fc781fe0dcb6bf8cb3081e8ba42e25b3386c0b9",""
"WorkPanel","CuadraProc","Cuadra Proceso","Orden_Proceso","2011-10-26 19:55:14GMT","","42","0","","0","0","71","381","0","c3c8fce3a3b45fcc2a1c0e195cb5b0968c7882377aaaf0e9b5429d6ae4b84f8d",""
"WorkPanel","DesOT","Despachos a Clientes","Despachos_Varios","2011-12-15 15:04:34GMT","","20","0","","0","0","103","111","0","cb7569ecf4bbbaa3a38099f4e0c7054e6d32dc786e355df8af7328d2879c526a",""
"WorkPanel","DespachosSAG","Despachos SAG","Despachos","2015-01-21 16:23:46GMT","","27","0","","0","0","91","80","0","bb0123f7096b66b55e03db3d7c93a88583ef2ca6362f66b581310d00cefe68e4",""
"WorkPanel","DespachosUS","Despachos US","USDA","2009-08-14 15:50:38GMT","","25","0","","0","0","105","80","0","b76ce5cfe1c93397ffe3fcf7b7c1a9cc1265913cc0854c1082439ca5a402e154",""
"WorkPanel","DespaCLi","Despachos a  Clientes","Despachos_Varios","2016-11-17 17:27:20GMT","","23","0","","0","0","82","77","0","f7640c945c4c0edf0fef94cdf51b9dcfeeaa84caa51a3dfb713f38b513ec3d6a",""
"WorkPanel","DespaComer","Despacho de Fruta Comercial","Despachos_Varios","2011-12-15 15:05:20GMT","","20","0","","0","0","116","90","0","e788b1d23729b79be46aaa1072bf4c5733f31b64444db0e0b4a661c7bb3a45b7",""
"WorkPanel","DesPliCom","Comunas Productores","Despachos","2010-05-12 14:13:28GMT","","19","0","","0","0","0","53","0","673525b2e386d9b07e79a96b17bbe5eb91cf697e21cc10ed22834bbade7b9569",""
"WorkPanel","DespManSAG","Despacho Manual SAG","Despachos","2012-01-04 14:00:40GMT","","27","0","","0","0","91","80","0","25e8640df2c9825cc2db5a14560f3d81618b81bd1d0165ead5eeb591132bfb2c",""
"WorkPanel","DespxCliente","Despachado por Cliente","Consultas","2011-12-15 14:57:46GMT","","29","0","","0","0","76","182","0","002ec701881903456c89fbd133b66827644c27bf045b5603a23a3a67c90d6d88",""
"WorkPanel","DespxEMICLI","Desp x EMISOR Cliente","Consultas","2011-12-29 03:00:10GMT","","34","0","","0","0","62","182","0","9b423f08704f20382b54338b5f5ee0edf5e1f47f2cf772796364d8427c8fd4de",""
"WorkPanel","DesxAgente","Despachado por Agente","SAG","2009-08-14 14:35:58GMT","","38","0","","0","0","77","405","0","7e06409a3d4dceff764292a25a8145fc18b0af935593cea79cbd4b55a54698e4",""
"WorkPanel","DesxConsig","Despachado por Consignatario","SAG","2009-08-14 14:37:26GMT","","44","0","","0","0","84","470","0","c8b684d04ad6b528042c3ae7d34418413f89503d69bdacf1abbcc64257bc74df",""
"WorkPanel","DesxExport","Despachado por Exportador","SAG","2009-08-14 14:34:58GMT","","35","0","","0","0","81","404","0","0e2cb9208ae0b9271a44c411274d9adf0c60be9fdbfa323a48c6a3e3bf35a4c9",""
"WorkPanel","DetalleDxC","Detalle Despachos por Clientes","Consultas","2011-12-15 16:52:48GMT","","25","0","","0","0","76","75","0","d0001665333f85c73b5bca9ebc1ed505dbaf058932609f7189f34c650cdc5919",""
"WorkPanel","DetAnu","Detalle de Anulacion","Anulaciones","2010-12-14 13:10:30GMT","","17","0","","0","0","72","57","0","04af7255a895cad4140b2eba6032ed14bf3e63cd0208147e913c700677846444",""
"WorkPanel","DetDespacho","Detalle de Despacho","Despachos","2014-01-18 14:31:46GMT","","28","0","","0","0","132","93","0","a18cb64e77a48f12a9775313256f71c8b40f818782d232d85d8f26b8aca2bb9b",""
"WorkPanel","DetFolio","Detalle Folio","Repaletizaje","2008-02-21 21:44:44GMT","","12","0","","0","0","85","81","0","56c47baf3835e8472357177ad44bc22d190b730b4edee42d1c6175a624f6f956",""
"WorkPanel","DetFolio_FR","Detalle Folio","Ingreso_de_Folios","2008-02-21 21:31:20GMT","","12","0","","0","0","85","81","0","659c4e08edf2a707ed254beed9923072516d70a0fc799c88bf9e4beedcfef94a",""
"WorkPanel","DetFolProc","Detalle Folios Procesados","Procesos","2008-02-26 15:30:32GMT","","69","0","","0","0","134","1759","0","35b6bef939b91197cb2ec930315fc3c47e1992b6fe2df5a1202142dd7edd524d",""
"WorkPanel","DetPackList","Detalle Packing List","Packing_List","2011-11-12 20:36:04GMT","","20","0","","0","0","104","134","0","2d472e9027f7a8967049a820dde1ad25f684b425118dbda4fdda438000f027a1",""
"WorkPanel","DetProcUS","Detalle de Proceso","USDA","2014-01-29 12:46:20GMT","","23","0","","0","0","93","73","0","f5b6dcec335a83607078439d8599ed387fc44497a76d1968eee1ce3396b8b0bd",""
"WorkPanel","Diagramas","Diagramas","Diagrama","2012-12-10 22:03:18GMT","","28","0","","0","0","15","80","0","cedc0fa145be10be27734af9c2a7b5b8229bc852a042b9c88224d15d2d67c96a",""
"WorkPanel","DInfoProd","Detelle Informe Produccion","Procesos","2012-11-08 21:16:34GMT","","28","0","","0","0","96","209","0","2a7c698e149b1adce42f49632cbc5206df613cd22099e50f3b63b8ecf00c366e",""
"WorkPanel","DTCalibres","Detalle Calibres","Procesos","2007-11-06 04:12:26GMT","","77","0","","0","0","50","2588","0","102b79d28ee2bfa5f953ac1663440dbfe75d229a40ad8825e40474bfeba278ee",""
"WorkPanel","EliCajasxProc","Elimina Cajas x Proceso","Orden_Proceso","2011-11-21 20:06:28GMT","","19","0","","0","0","68","62","0","776656a3d11a386468a3efbe31e82e9768617138dc8d0faa9b722351833bc0b9",""
"WorkPanel","EnvCat","Envases / Categorias","Maestros","2009-09-07 17:28:50GMT","","14","0","","0","0","29","78","0","19207d2491f4d5fd947994c675a03f2c095174d4e90dccb072bc5ca1d687a316",""
"WorkPanel","Especies","Especies","Maestros","2009-08-14 02:26:44GMT","","14","0","","0","0","29","77","0","3cda715a64a9e5dfb406959bee90742bd758d02564a6f45371ed0eba1b934107",""
"WorkPanel","Eti_LineaVN","Etiqueta para Proceso","ETIQUETAS","2014-11-05 04:05:36GMT","","26","0","","0","0","121","74","0","0bb799531cc6f1e06a966c4fcaa092d06f974e554383e32c030e6332908521ca",""
"WorkPanel","Etiquetador","Etiquetador","ConfiguracionLineas","2014-11-08 18:22:46GMT","","21","0","","0","0","73","136","0","126bc0503be86b974c6209f8ae2fe4217162ff132b5f58d0a7b1e1b9d3fe02f5",""
"WorkPanel","EtixProc","Etiquetas por Proceso","Orden_Proceso","2011-11-19 17:50:58GMT","","8","0","","0","0","28","48","0","75ec2a72579687ba78130283b21a3603cf86d21a81f782966e795aa1b7907e62",""
"WorkPanel","ExisCS","Existencia","LecturaCajas","2011-12-01 02:38:50GMT","","50","0","","0","0","84","601","0","6e87f981f5683076a362087d2b75d8639b85343c6cf1532c9fa858511d1d1641",""
"WorkPanel","ExisINS","Existencia Fruta Inspeccionada","SAG","2015-02-05 17:36:38GMT","","42","0","","0","0","112","1084","0","29f4f664ffc9bfa8d57be875bd48fcc21bdf16a36a36104770a3db669d5e3e5f",""
"WorkPanel","ExisSAG","Existencia Formato SAG","SAG","2011-01-21 14:22:14GMT","","39","0","","0","0","90","269","0","b1f446c0044eadcd6bd04220d2e542ca30440c5995073dd5130900e5b4d598e6",""
"WorkPanel","ExisUSDA","Existencia USDA","SAG","2009-08-14 02:40:20GMT","","40","0","","0","0","93","1062","0","5aa62f0af1e97b3cfc126fe90e9a7c0aaf84571569decadb58336386f59f02e4",""
"WorkPanel","ExporProd","Exportadoras v/s Productores","Maestros","2009-08-14 01:59:26GMT","","15","0","","0","0","29","78","0","71e737c5455dc4bfca99733136f48ffe3c39b2e01d650495b5fc6a05defc2733",""
"WorkPanel","Export","Exportadoras","Maestros","2009-08-14 01:58:28GMT","","13","0","","0","0","29","78","0","7b818801212bd33277701b695d0914e9d788f298b0bcb473ddda26604cd15f77",""
"WorkPanel","FacDatExp","Datos Exportacion","Factura","2016-12-10 17:15:42GMT","","22","0","","0","0","115","432","0","2efb7b56ea7774bfbfe96f66febd4144d5f4c853cc6caec9ff53532457a1983a",""
"WorkPanel","FacturaGuias","Facturacion de Guias de Despacho","Factura","2016-12-22 14:14:50GMT","","49","0","","0","0","159","79","0","c5c6d37c4f4a3785b208e0b8a68e105eaa3e62a0029bef01d9e7dcdcc2976fa5",""
"WorkPanel","Facturas","Facturas","Factura","2016-12-21 19:38:24GMT","","28","0","","0","0","66","105","0","2bb64508fdcdc85a5aa5837aa09aa0e9c77cb6db1f7d86766d2625126c237eb0",""
"WorkPanel","FComercial","Fruta Comercial","Fruta_Comercial","2011-11-10 02:02:40GMT","","23","0","","0","0","104","78","0","c7624adb1a05525c6b5b127fff1f974522bc539eb269c0fc9e98e93027198005",""
"WorkPanel","FoliosProcesados","Folios Procesados","Ingreso_de_Folios","2015-01-28 22:05:00GMT","","34","0","","0","0","111","77","0","aee2801df97c2ac2bc86413fc041e670ea21339ed8ae100299497c548a2d9590",""
"WorkPanel","GenCajas","Generar Cajas","CapturaCajas","2016-11-04 19:03:04GMT","","50","0","","0","0","174","78","0","e761532b93f50dce6da73c35fa70835a256090f490074d115f8a983b20c400d9",""
"WorkPanel","GenCajasProc","Genera Cajas para Proceso","Varios","2011-10-25 14:48:54GMT","","9","0","","0","0","31","52","0","e1749ca4239beeca4584711e90e2534c244c4cea1a89f1ac4284595e76f8d567",""
"WorkPanel","GenFolios","Genera Folios","Varios","2007-10-08 01:48:46GMT","","8","0","","0","0","28","0","0","0bdbaeffb1aeb064a6e22ce3b29597c74436005adf67f696f45fe5d0676980b6",""
"WorkPanel","GenFolPallet","Genera Folios Pallet","Paletizado","2011-10-10 18:10:48GMT","","18","0","","0","0","68","79","0","ac4af9971333d898a338f45f6e91c162535f96efe98c7ba6394aa66e6b9a9286",""
"WorkPanel","GenPack","Genera Packing List","Packing_List","2011-11-12 20:30:12GMT","","14","0","","0","0","186","42","0","ba5a07fbf52541ab5a3db45901cf3ceef2ec083d54c5e3f325106a77cd63cdf4",""
"WorkPanel","genXML","gen XML","Menus","2016-11-05 01:02:10GMT","","4","0","","0","0","21","0","0","06920d4068761c937eeed8452e1338e2df1a823e6112a46cffc000eb968d60f1",""
"WorkPanel","GETI10006","Etiquetado de Cajas","Menus","2016-11-17 17:24:54GMT","","17","0","","0","0","27","53","0","3dd5a0a465ff0efcb7a7193a83b945db79674100690935203b43a05e66c4986b",""
"WorkPanel","GEtiXCal","Grupo de Etiquetas por Calibres","Orden_Proceso","2011-11-17 01:48:22GMT","","15","0","","0","0","29","77","0","802fa16cba2b12c1026662df3fa0c362a76c3aec16982e6d28d31cc019f16937",""
"WorkPanel","GuiasD","Guias de Despacho","Guias_Despacho","2016-11-04 23:31:48GMT","","35","0","","0","0","107","78","0","115553e553aea2b078766f51f61e9514bdba82611a31090f73fb9c6602ef1012",""
"WorkPanel","GuiasxPack","Guias x Packing List","Guias_Despacho","2016-11-17 15:26:00GMT","","10","0","","0","0","15","56","0","eff37849c8a8134e70027551d7141a94f4daf9896873347b1219ee554a9d9281",""
"WorkPanel","Gx0070","Lista de Selección USUARIOS","Seguridad","2003-06-24 16:34:14GMT","","12","0","","0","0","39","31","0","6ae4a7f35d2969ec8442ff62df7404889fb0149d37c967f26d01f7f166ac343f",""
"WorkPanel","Gx00A0","Lista de Selección USUARIOS","Seguridad","2003-06-24 16:34:14GMT","","12","0","","0","0","39","31","0","b187e869f09361db73fc65ed2dd7941662b6eaa434c4da32cd35ea03e5cb6df1",""
"WorkPanel","Gx00B0","Lista de Selección PRODUCTORES","Maestros","2003-10-21 20:52:06GMT","","10","0","","0","0","70","31","0","cea840a4e455d32cb0ecf41450fdc59422d9b7a3ce78f46d8b45eeffad52c09d",""
"WorkPanel","Gx03R0","Lista de Selección PUERTOS","Maestros","2016-10-28 04:46:28GMT","","7","0","","0","0","24","30","0","54a0234bfd66f4bd3832afbf2d66e6eb7463b2c8bd29f8c67351f157946c3942",""
"WorkPanel","Gx04F0","Lista de Selección PRODGEN","Maestros","2008-12-22 19:05:30GMT","","7","0","","0","0","10","31","0","131fc71f6007570edadebe05980bfae004cb6a05cf82a5d341de4b4c11544550",""
"WorkPanel","IFAC10009","Proceso de Facturacion","Menus","2016-12-29 15:35:14GMT","","18","0","","0","0","27","96","0","657533876c81f2aa13716cda40eea70da13a757cdbbd1dd8c49cf714200ea505",""
"WorkPanel","ILEC10008","Procesos de Lectura de Cajas","Menus","2016-11-17 17:25:46GMT","","17","0","","0","0","27","96","0","e561de7f69f74ee9b40dcd3fafac8a6a3a9c26d21e04b3ad28fd3bbd288d1e74",""
"WorkPanel","InfoExp","Informacion Exportadora","Consultas","2009-08-14 02:36:36GMT","","60","0","","0","0","106","552","0","9fdbe1671aef093e50d60b090f5ae899c0d79715d6e45152a8b9f5bca8b23a05",""
"WorkPanel","inipaletiza","Inicia Paletizado","Paletizado","2011-10-04 02:11:20GMT","","14","0","","0","0","80","44","0","3afcc8d7adb2912e5cf0b3c5626c40ac8d527d141dc9bf291396f61f12e5fda2",""
"WorkPanel","IniSys","IniSys","Menus","2004-06-14 21:42:22GMT","","4","0","","0","0","27","0","0","1e2614eb4cabc9d3d0e1e145e1e1c5febf1e00940b0e70fd080195735b51c194",""
"WorkPanel","Inspecciones","Inspecciones","Inspecciones","2011-02-08 18:03:58GMT","","29","0","","0","0","70","80","0","6c823441fc1e42bd66e73ad37a16a116444837f3e7c1f9cfdd1935b0e601882c",""
"WorkPanel","InterFol","Folios Interplanta","Interplanta","2010-12-16 03:06:28GMT","","40","0","","0","0","114","974","0","4d69c3c0940a9031395a484c85ce52e5c110da8cf28ccadcd5357244ecce7bec",""
"WorkPanel","Interplanta","Interplanta","Interplanta","2010-12-27 21:06:54GMT","","20","0","","0","0","73","80","0","dd2d80c62cdfe1b2930d4d9debc56c0c42db7ae225ae27224768b4bb332a09e6",""
"WorkPanel","IPRO10002","Procesos Planta","Menus","2016-12-29 15:34:42GMT","","16","0","","0","0","27","96","0","b59272f5039a2c1bd4c10a82a26f6b49efbd2c78f26d6608971b3a223e737993",""
"WorkPanel","ISAG10020","Procesos S.A.G","Menus","2015-01-27 13:22:54GMT","","18","0","","0","0","27","96","0","e4c3a10bfe9b22f41a92d71845063003a609900a3d1118b05b763b07baa30a5c",""
"WorkPanel","ISE0101","Seguridad General","Menus","2009-10-01 01:45:44GMT","","15","0","","0","0","27","53","0","4154217ff3302e8452ac06cb87a62f2cef62dac6be285dab7f5a3bd571db9e27",""
"WorkPanel","LClauVenta","Calusula de Venta","Factura","2016-12-06 02:32:34GMT","","10","0","","0","0","25","71","0","3cb1bb7f86fff4f0d0ea18f84203dfe860964a5cc4859b23b7cab24f102d8464",""
"WorkPanel","Lforpago","Forma Pago","Factura","2016-12-06 02:21:48GMT","","9","0","","0","0","17","67","0","ca0b103a6c26a53fa0b1731308e1086873f83cf58908e0766a1fefa463795a1a",""
"WorkPanel","linconfig","linconfig","ConfiguracionLineas","2014-11-05 04:06:58GMT","","20","0","","0","0","41","247","0","15c706df4afdd62f77131aa60e2fd81aee1b3b2476dad6479d853eafd5bb1b20",""
"WorkPanel","lineas","lineas","ConfiguracionLineas","2014-11-05 02:53:58GMT","","17","0","","0","0","53","77","0","0aa156094ec93c295956c1c3008a4acdad7d5bca3bead5117d5e76e97ed423a7",""
"WorkPanel","LineasINS","Etiqueta para Proceso","ConfiguracionLineas","2014-11-05 03:08:32GMT","","28","0","","0","0","118","139","0","2f4722eac5fd72c448943520da374bd4af49c9463b8d803861d3ec02c3e59f16",""
"WorkPanel","LISTAS","LISTAS","Estilos","2005-06-16 17:12:40GMT","","4","0","","0","0","32","0","0","70a37a1cab2065732a70884c1d0b11e702b78d013de40f5a0b06588760c03e85",""
"WorkPanel","LModVenta","Modalidad de Venta","Factura","2016-12-06 02:29:22GMT","","8","0","","0","0","18","68","0","ed36312fc3193ed9dde69af8558b5367f3950c4c900b38ca24924cd1b4e2d2b1",""
"WorkPanel","Lprecio","Lista de precio","Factura","2011-11-27 21:42:34GMT","","20","0","","0","0","37","79","0","813840cad1a49d1d0664ab3c6769e1327efa4f3d0d04907c5cec3d31ea7f35a7",""
"WorkPanel","LViaTran","Listado Via Transporte","Factura","2016-11-30 00:09:54GMT","","7","0","","0","0","11","51","0","07d936c079dd6bb655b8ba0b60deca6c71e279e2a251217f2de0ddea77531f92",""
"WorkPanel","MAE10001","Maestros  de Sistema","Menus","2016-11-22 14:08:54GMT","","18","0","","0","0","27","96","0","b709b49d5ccff20173c68955c3653b529a8830b4c0a91c0e59ed3b02a2d4f106",""
"WorkPanel","marcasReloj","marcas Reloj","TM","2009-12-28 16:38:16GMT","","11","0","","0","0","31","52","0","26c7e0a1dd75388ae3c05fd2518188e98beace0d8bd63d1192db3b9b14380f71",""
"WorkPanel","Modulos","Modulos","Seguridad","2009-08-11 15:05:30GMT","","15","0","","0","0","37","68","0","e40ccaa8e9a3bcd789ef9f8c52b4135cf6a175528a3dcfd7d243cf6b824bde2c",""
"WorkPanel","MultiPSAG","Multi Puerto SAG","Multipuerto","2011-12-21 13:10:46GMT","","23","0","","0","0","114","80","0","85dd28e074ecbb662cf43a8c74605c04fc534827422fdfd9d1417149d5910dfa",""
"WorkPanel","NivSeg","NivSeg","Seguridad","2005-11-21 15:25:50GMT","","18","0","","0","0","29","115","0","6c6de41196aabdf0ea4c12400e4c0830ccbe05a132be76d5dfc79d2324104ba5",""
"WorkPanel","NumFact","Numero de Factura","Factura","2016-12-21 00:58:10GMT","","26","0","","0","0","26","45","0","92ec341a32ea99a235949e7edb9f6c5f5c8783ceab1ecb2956d01b78f7cf1b41",""
"WorkPanel","NumFactE","Numero Factura Electronica","Factura","2016-12-21 01:33:46GMT","","27","0","","0","0","26","56","0","286d5a64e13b07be07c0b79cff0f309dc51d9be84056e5e885eb3fa2d6522953",""
"WorkPanel","NumGuia","Numero de Guia","Guias_Despacho","2011-11-20 01:57:56GMT","","22","0","","0","0","10","50","0","c971582bce68c8f293c74bcab75a2a788bd9007abf5c0d7a5107a01549ae60bb",""
"WorkPanel","NumGuiaElec","N guia electronica","Guias_Despacho","2016-11-05 02:16:00GMT","","23","0","","0","0","10","50","0","8a5e8343468f12b283abe3989842e372f93bab8269f6a6595d504ebba8fb8f5f",""
"WorkPanel","OPCal","Opciones Calibres","Procesos","2007-10-30 22:03:32GMT","","15","0","","0","0","18","62","0","fcd14f3b365c2cded4f880a1990ed63c732126c8b91b7b5d6edb9cf7e395a298",""
"WorkPanel","OPProg","Opciones de Programas","Seguridad","2009-08-11 15:12:56GMT","","20","0","","0","0","81","107","0","6089e9fa1ae51914c08e2891f31e2c0416809a8ccb6348ec03985a17ca4676b1",""
"WorkPanel","OrdenProcesos","Orden de Procesos","Orden_Proceso","2014-11-25 13:06:46GMT","","41","0","","0","0","135","320","0","fc889f640b0521b756b3ac119972c94e75125d69a36ca4ada0062f90b98db726",""
"WorkPanel","OrdenProcINS","Agrega Lotes","Orden_Proceso","2014-11-25 13:07:28GMT","","46","0","","0","0","147","405","0","26638c8126b38de68d1dd68b7c5d3ff0e99a9837e1beb4149784ffd8fc9ccdca",""
"WorkPanel","OrdenProcUPD","Modifica Orden de Proceso","Orden_Proceso","2011-11-17 04:07:24GMT","","49","0","","0","0","140","347","0","ff9a821737dcd5f259ea309bf171d4e6871e2e3bf21ef4a88415fc00458f853f",""
"WorkPanel","PackingList","Packing List","Packing_List","2016-11-17 23:19:18GMT","","27","0","","0","0","87","77","0","82fbcce4fd9b2fa7c5e1ca11d947e998270a2a5376af12cd4e63213dfa51ebae",""
"WorkPanel","Paletizado","Paletizado","Paletizado","2011-12-13 00:49:26GMT","","25","0","","0","0","98","124","0","6905c026d6b01ed4f130a2d250062ba87d85cbdd2289f059700f4d79a28bee14",""
"WorkPanel","PANELControl","PANELControl","ConfiguracionLineas","2014-10-29 18:37:06GMT","","14","0","","0","0","29","78","0","d3de76ecca6cb15c17c2b0b5cf29f52bf72eded1a96fd5a93c5fc22c524c5c15",""
"WorkPanel","paramgen","Parametros generales","Maestros","2010-12-05 23:50:14GMT","","17","0","","0","0","29","217","0","8374bf26ee86a864ec2819b1c647263c1765dc6ff458b9c8c6014d5456048436",""
"WorkPanel","PesajeAuto","Pesaje Automatico","Ingresos","2014-11-29 14:18:44GMT","","39","0","","0","0","187","98","0","eb7deba715a42aa97f73047b130fd533ec92ff000d518375a92960de7e983acf",""
"WorkPanel","PrClientes","Promt Clientes","Maestros","2007-07-24 21:50:40GMT","","8","0","","0","0","54","21","0","a8f27f44166f4e1dd70c52f1ed7593d9b25b35ecaa330c97318c520db45d78ab",""
"WorkPanel","PreFactura","Pre Factura","Factura","2016-12-29 15:09:14GMT","","62","0","","0","0","103","405","0","1fff66b6975e60db4926d9a5a9eefd74e2b1cb304e781cbf380dcbef143fc732",""
"WorkPanel","PRenvases","Envases","Ingreso_de_Folios","2007-12-01 18:14:48GMT","","6","0","","0","0","32","22","0","b90be742805c64917fe6cfaeeee50d1efb3125d9aa58f75bf601d106e879e514",""
"WorkPanel","PrEspe","Pr Especies","Inspecciones","2005-11-18 16:32:50GMT","","7","0","","0","0","41","20","0","bc20205f43ee07ac2f52794daaf91c877d9fa1d5d012248ef242bfe1865b89cd",""
"WorkPanel","princ","princ","Menus","2004-04-19 19:51:40GMT","","4","0","","0","0","27","0","0","b42488e3dfcf98e84e59b1a4f9f7e1a8e5546377d0bf33d3c5e4eac9b7e843f1",""
"WorkPanel","ProcesosUSDA","Procesos USDA","USDA","2014-03-05 15:19:36GMT","","20","0","","0","0","82","80","0","f456dd223f99a61ed289af8720aece97d2e804318a804f88b12a590744532b3a",""
"WorkPanel","Productores","Productores","Maestros","2009-08-14 01:48:10GMT","","14","0","","0","0","39","77","0","94afbf85390ab6ae9a0cae977fd11d5c246cc5454328ba5e5f22fbe74b4df4e7",""
"WorkPanel","Program","Programas","Seguridad","2009-08-11 16:05:32GMT","","18","0","","0","0","37","72","0","d79e50771a21432ac464799284704e36a7ee31c9744dda716108d578ce54b2ac",""
"WorkPanel","Puertos","Puertos","Maestros","2009-08-14 02:16:16GMT","","16","0","","0","0","49","78","0","decf2359f9fe3c5cfe91b179b3237b24cdc38a3978a818be8ef4ad6913d26273",""
"WorkPanel","Recepciones","Recepciones","Ingresos","2014-11-03 03:05:40GMT","","24","0","","0","0","70","77","0","629437a5273e34afbf846d38ae9d13c94aeacfce2c9849e2912d362bfb8b52c8",""
"WorkPanel","ReEtiquetado","Re Etiquetado de Cajas","Orden_Proceso","2014-11-05 04:25:30GMT","","34","0","","0","0","144","77","0","70919bfd67d4adaf6a910c678d6261c59ce2e3cdb3b8ac395ff1cd1c8f7bd2c8",""
"WorkPanel","Rep01","Crea Repaletizaje","Repaletizaje","2014-01-03 17:06:40GMT","","22","0","","0","0","97","100","0","df5202a3d064c5151a96b290d378c0d170387789fcc00e19382dea46986f2e5a",""
"WorkPanel","RepaFR","Repaletizajes Sin Inspeccion","Ingreso_de_Folios","2009-08-13 02:00:16GMT","","24","0","","0","0","77","77","0","9e7ac2f5ff33bf824abfb04cff77a6ca8e074827378838bb8d9edd02c8cb9edb",""
"WorkPanel","RepAgregar","Agregar Folios","Repaletizaje","2010-12-14 12:55:06GMT","","50","0","","0","0","148","136","0","b48a96d9383d47d735da4685d8ed07f866f2661b50ee3dc44e70119da18cc739",""
"WorkPanel","RepAgregar_RF","Agregar Folios","Ingreso_de_Folios","2008-02-22 17:20:10GMT","","54","0","","0","0","153","137","0","c439dd99c72ceeec82780873938fbc9a2af3895aa4bcfd06d7ba868633c5427d",""
"WorkPanel","Repaletizajes","Repaletizajes","Repaletizaje","2014-01-03 17:16:42GMT","","24","0","","0","0","77","80","0","5996668386af6c6381f35f067d725f10f86e261b93d600ec902a01dc9c5dceb8",""
"WorkPanel","RepBajar","Rep Bajar","Repaletizaje","2009-12-21 17:53:48GMT","","29","0","","0","0","110","110","0","81fba37461e4b31533718bc5447e0354bb6529c35d3b1b57edc86e7b86601167",""
"WorkPanel","RepBajar_FR","Rep Bajar cajas","Ingreso_de_Folios","2009-01-07 18:10:58GMT","","30","0","","0","0","110","132","0","fe6480ede869ed4298c22d01c0268b2cd8c0f9d4845933c92a2d00f79f1577bf",""
"WorkPanel","RepFR01","Rep Folios Procesados 01","Ingreso_de_Folios","2008-02-25 15:52:14GMT","","21","0","","0","0","86","78","0","51215b0399c5c114e4284fe0527df8dee4d835ddacfe9f3fbfa457ded0820c97",""
"WorkPanel","RepSubir","Subir Cajas","Repaletizaje","2009-12-26 17:00:50GMT","","48","0","","0","0","135","136","0","84239884e7925f65b108c5deced4639134379f224214fe2bc8891cf1c30f8b7d",""
"WorkPanel","RepSubir_FR","Rep. Subir FR","Ingreso_de_Folios","2008-02-25 21:40:56GMT","","49","0","","0","0","135","137","0","e0a74e8f580a5a7e28f392d8b4fc61e9fd66209b8fce6c6c274268b23db355f1",""
"WorkPanel","ResumenPR","Resumen Produccion","Consultas","2011-12-07 01:48:24GMT","","15","0","","0","0","54","81","0","b1fbcdedd6c2abe2254cebc383d04faf98c98ef3f270606f1f7224142404120d",""
"WorkPanel","SalidaCAJ","Salida Cajas Embaladas","Cajas_Leidas","2011-11-08 01:38:56GMT","","23","0","","0","0","104","44","0","0f87998f99804acbe8221f56d2f305568f73180ae82b053133c097c3f0c3b9e5",""
"WorkPanel","SalidaCAJUPD","Modificacion de Despachos","Cajas_Leidas","2009-10-31 03:32:36GMT","","23","0","","0","0","104","100","0","65b3b8a20f176c88674a1d5e7119747b697b9fb3c5d52a77354a00d8f5db03b2",""
"WorkPanel","solcitud02","solcitud02","Inspecciones","2010-12-14 02:07:16GMT","","40","0","","0","0","138","974","0","11cfb74e8ddd4b1fe3c03448411525a3eb101fcc0e0979f632da83f3ae9db253",""
"WorkPanel","SubeTM","Sube TM","TM","2009-06-09 21:12:24GMT","","10","0","","0","0","31","52","0","df3389b543bdfa8b41e61b30c3d578824c6669364235e60773b63df164f79d1a",""
"WorkPanel","SubMen","SubMen","Estilos","2003-07-03 21:15:52GMT","","5","0","","0","0","27","14","0","fcc3dd3a35992963e544f56d0a979348a3a1600738a0d55c8f6cacb392df8a65",""
"WorkPanel","Tempo","Temporadas","Maestros","2009-08-14 02:01:12GMT","","13","0","","0","0","29","78","0","77d663a713625e219ef4561e72d7885d02e0640260e4c7a834b9b46e0bd54aa1",""
"WorkPanel","TipAlt","Tipo de Altura","Exportadora","2009-08-14 02:22:10GMT","","14","0","","0","0","29","78","0","c159f536d91fd76bbf9ee4240633dfe60687ce5b42320f3da32d8515c50dc728",""
"WorkPanel","TipBPal","Tipos Base de Pallet","Exportadora","2009-08-14 02:23:14GMT","","14","0","","0","0","29","78","0","aca64d7307bdb378d99cc45f31e093897c381c96ef20b4b5b703140fdddd0d56",""
"WorkPanel","TipEti","Tipos de Etiqueta","Exportadora","2009-08-14 02:20:00GMT","","14","0","","0","0","29","78","0","8c5a28497fcb8fde9c1420e79fdc0a036a63355dbca760a37f1a13b630c77c16",""
"WorkPanel","Usuarios","Usuarios","Seguridad","2009-08-12 13:47:36GMT","","16","0","","0","0","39","70","0","0da1bc803405571bd64f3e348c1fe2153d4593abaf7256211b93d409121e7772",""
"WorkPanel","ValMon","Valores Monedas","Maestros","2011-11-27 22:15:24GMT","","26","0","","0","0","58","77","0","e403615d8e6a3fd2c4698c5f162e7ad5926e560b94e8813ea410967c9d187147",""
"WorkPanel","VerFoliosAuto","Ver Folios Autorizados","Paletizado","2011-10-10 18:13:48GMT","","13","0","","0","0","54","33","0","16f051f82486574efbbad09138136a5f173ce784d9dd5362f3d7872a21bfd25c",""
"WorkPanel","wgenarchmp","Genera Archivo Multi Puertos","Multipuerto","2008-12-27 16:43:38GMT","","40","0","","0","0","103","52","0","d1c090c9d6bbec330ea1025560729295c4bf5465391301f9c7dc8ac4b03ece46",""
"WorkPanel","WPCons","WPCons","Estilos","2007-11-30 20:36:02GMT","","11","0","","0","0","40","52","0","dfe05774ef37f3fbb2a29257b1fdd9aa648b1ed9da89c817f9ad48caaae6f19c",""
"WorkPanel","WPConsPG","WPCons PG","Estilos","2009-11-20 00:42:26GMT","","13","0","","0","0","40","81","0","05659da712a7d04234f400161c6e1c273cf3c79b828ec9c9f962dcfd943196e0",""
"WorkPanel","WPProc","WPProc","Estilos","2007-05-03 21:19:54GMT","","9","0","","0","0","31","52","0","d41301c746b09fdb9ab236f6a159b402c68a51c1db4f3b58ddc5c939fe7edbed",""
"WorkPanel","WPTRN","WPTRN","Estilos","2009-08-21 16:38:56GMT","","14","0","","0","0","29","78","0","07880a67949f2f87c2d2840990c076b891e209bf2c67f48277f8cfdf0d96c502",""
